{
    "index": {
        "0": 0,
        "1": 1,
        "2": 2,
        "3": 3
    },
    "fold_id": {
        "0": 0,
        "1": 1,
        "2": 2,
        "3": 3
    },
    "model_id": {
        "0": 0,
        "1": 0,
        "2": 0,
        "3": 0
    },
    "booster": {
        "0": "gbtree",
        "1": "gbtree",
        "2": "gbtree",
        "3": "gbtree"
    },
    "boosting_type": {
        "0": "gbdt",
        "1": "gbdt",
        "2": "gbdt",
        "3": "gbdt"
    },
    "colsample_bytree": {
        "0": 0.4,
        "1": 0.4,
        "2": 0.4,
        "3": 0.4
    },
    "debug_verbose": {
        "0": 0,
        "1": 0,
        "2": 0,
        "3": 0
    },
    "early_stopping_rounds": {
        "0": 50,
        "1": 50,
        "2": 50,
        "3": 50
    },
    "early_stopping_threshold": {
        "0": 0,
        "1": 0,
        "2": 0,
        "3": 0
    },
    "eval_metric": {
        "0": "logloss",
        "1": "logloss",
        "2": "logloss",
        "3": "logloss"
    },
    "gamma": {
        "0": 0,
        "1": 0,
        "2": 0,
        "3": 0
    },
    "gpu_id": {
        "0": 0,
        "1": 0,
        "2": 0,
        "3": 0
    },
    "grow_policy": {
        "0": "lossguide",
        "1": "lossguide",
        "2": "lossguide",
        "3": "lossguide"
    },
    "learning_rate": {
        "0": 0.05,
        "1": 0.05,
        "2": 0.05,
        "3": 0.05
    },
    "max_bin": {
        "0": 256,
        "1": 256,
        "2": 256,
        "3": 256
    },
    "max_delta_step": {
        "0": 3.5212886209,
        "1": 3.5212886209,
        "2": 3.5212886209,
        "3": 3.5212886209
    },
    "max_depth": {
        "0": 0,
        "1": 0,
        "2": 0,
        "3": 0
    },
    "max_drop": {
        "0": 100,
        "1": 100,
        "2": 100,
        "3": 100
    },
    "max_leaves": {
        "0": 64,
        "1": 64,
        "2": 64,
        "3": 64
    },
    "min_child_samples": {
        "0": 1,
        "1": 1,
        "2": 1,
        "3": 1
    },
    "min_child_weight": {
        "0": 1,
        "1": 1,
        "2": 1,
        "3": 1
    },
    "min_data_in_bin": {
        "0": 1,
        "1": 1,
        "2": 1,
        "3": 1
    },
    "model_origin": {
        "0": "RANDOM",
        "1": "RANDOM",
        "2": "RANDOM",
        "3": "RANDOM"
    },
    "monotonicity_constraints": {
        "0": true,
        "1": true,
        "2": true,
        "3": true
    },
    "n_estimators": {
        "0": 1200,
        "1": 1200,
        "2": 1200,
        "3": 1200
    },
    "n_gpus": {
        "0": 1,
        "1": 1,
        "2": 1,
        "3": 1
    },
    "n_jobs": {
        "0": 1,
        "1": 1,
        "2": 1,
        "3": 1
    },
    "num_classes": {
        "0": 2,
        "1": 2,
        "2": 2,
        "3": 2
    },
    "objective": {
        "0": "binary:logistic",
        "1": "binary:logistic",
        "2": "binary:logistic",
        "3": "binary:logistic"
    },
    "random_state": {
        "0": 104906332,
        "1": 104906332,
        "2": 104906332,
        "3": 104906332
    },
    "rate_drop": {
        "0": 0.05,
        "1": 0.05,
        "2": 0.05,
        "3": 0.05
    },
    "reg_alpha": {
        "0": 0.0,
        "1": 0.0,
        "2": 0.0,
        "3": 0.0
    },
    "reg_lambda": {
        "0": 5.0,
        "1": 5.0,
        "2": 5.0,
        "3": 5.0
    },
    "scale_pos_weight": {
        "0": 1.0,
        "1": 1.0,
        "2": 1.0,
        "3": 1.0
    },
    "score_f_name": {
        "0": "AUC",
        "1": "AUC",
        "2": "AUC",
        "3": "AUC"
    },
    "silent": {
        "0": true,
        "1": true,
        "2": true,
        "3": true
    },
    "skip_drop": {
        "0": 0.5,
        "1": 0.5,
        "2": 0.5,
        "3": 0.5
    },
    "subsample": {
        "0": 1,
        "1": 1,
        "2": 1,
        "3": 1
    },
    "subsample_freq": {
        "0": 10,
        "1": 10,
        "2": 10,
        "3": 10
    },
    "tree_method": {
        "0": "gpu_hist",
        "1": "gpu_hist",
        "2": "gpu_hist",
        "3": "gpu_hist"
    }
}