{
    "Relative Importance": {
        "56_CVTE:Status1:Status2:Status3.0": 1.0,
        "93_NumCatTE:Status1:Status2.0": 0.8210904598,
        "78_CVTE:Status1:Status2.0": 0.7316167951,
        "67_CVTE:Education:Status1:Status2:Status5.0": 0.7283367515,
        "44_CVTE:Status1:Status2.0": 0.656821847,
        "76_WoE:Status1:Status2.0": 0.6428868175,
        "55_WoE:Sex:Status1:Status2:Status3:Status4.0": 0.6400939226,
        "43_CVTE:Status1:Status2:Status3.0": 0.3155945539,
        "89_NumToCatWoEMonotonic:Age:Status1:Status3.0": 0.2158373147,
        "22_PayAmt3": 0.1630652845,
        "12_BillAmt1": 0.1344941705,
        "21_PayAmt2": 0.1261367798,
        "20_PayAmt1": 0.1084290668,
        "23_PayAmt4": 0.1047896519,
        "39_NumToCatWoEMonotonic:CreditLimit:Status2:Status3.0": 0.0951672122,
        "13_BillAmt2": 0.0805659741,
        "81_NumToCatWoEMonotonic:BillAmt3:CreditLimit:Education:Status1.0": 0.0780653358,
        "38_NumToCatWoE:Age:Status1:Status3.0": 0.0729087666,
        "91_NumCatTE:Marriage:PayAmt6:Sex.0": 0.0717780069,
        "31_Status6": 0.0639460906,
        "24_PayAmt5": 0.0637571886,
        "62_WoE:Education:Status2:Status3:Status5.0": 0.0621721782,
        "65_WoE:CreditLimit:Status1:Status2:Status3:Status6.0": 0.0597822443,
        "41_NumCatTE:CreditLimit:PayAmt1:PayAmt6:Status6.0": 0.0581443571,
        "49_CVCatNumEnc:Age:Status1:Status2:BillAmt2.mean": 0.0564250685,
        "79_NumToCatWoE:BillAmt6:Status1:Status2:Status4:Status6.0": 0.056157764,
        "83_CVCatNumEnc:CreditLimit:Marriage:Sex:BillAmt1.max": 0.0532027259,
        "37_InteractionSub:Age:BillAmt5": 0.0511653163,
        "90_InteractionAdd:CreditLimit:Status2": 0.0496500283,
        "18_CreditLimit": 0.048915986,
        "86_NumCatTE:CreditLimit:Marriage:Status1:Status2:Status3.0": 0.0475505665,
        "80_CVCatNumEnc:Age:CreditLimit:Marriage:Sex:BillAmt1.max": 0.0461482443,
        "14_BillAmt3": 0.044604864,
        "80_CVCatNumEnc:Age:CreditLimit:Marriage:Sex:BillAmt3.max": 0.0439480655,
        "88_CVCatNumEnc:Age:CreditLimit.mean": 0.0438433848,
        "87_CVCatNumEnc:Sex:Status2:Status3:Status1.sd": 0.0435432233,
        "47_NumCatTE:BillAmt1:CreditLimit:Education:PayAmt6:Status1:Status2:Status3:Status4:Status5.0": 0.0425983071,
        "49_CVCatNumEnc:Age:Status1:Status2:BillAmt3.mean": 0.0417824015,
        "25_PayAmt6": 0.0412034504,
        "84_CVCatNumEnc:Marriage:Sex:Age.mean": 0.0409849547,
        "17_BillAmt6": 0.0407533646,
        "80_CVCatNumEnc:Age:CreditLimit:Marriage:Sex:PayAmt6.max": 0.0394014455,
        "40_InteractionAdd:PayAmt6:Status1": 0.0392501131,
        "64_NumToCatWoEMonotonic:Status1:Status5.0": 0.0377790183,
        "90_InteractionAdd:CreditLimit:Status3": 0.0371058136,
        "73_NumCatTE:Age:BillAmt1:PayAmt3:PayAmt6:Status1:Status2:Status3.0": 0.0346771069,
        "2_Freq:Education": 0.0338925421,
        "61_WoE:Sex:Status5.0": 0.033812847,
        "75_Freq:Age:CreditLimit:Status1": 0.0336533897,
        "15_BillAmt4": 0.0335383788,
        "0_Freq:Age": 0.0334990434,
        "77_NumCatTE:BillAmt3:Education:PayAmt3:PayAmt4:PayAmt6:Status1:Status2:Status3:Status4.0": 0.0327590816,
        "88_CVCatNumEnc:Age:Status1.mean": 0.0319885723,
        "16_BillAmt5": 0.0316704027,
        "82_CVCatNumEnc:Status1:Status4:Status3.sd": 0.0313658156,
        "59_Freq:CreditLimit:Status1:Status2:Status3": 0.0311184395,
        "84_CVCatNumEnc:Marriage:Sex:CreditLimit.mean": 0.0278800018,
        "83_CVCatNumEnc:CreditLimit:Marriage:Sex:Age.max": 0.0267291144,
        "66_CVCatNumEnc:Age:Status1:Status2:PayAmt4.mean": 0.0259115957,
        "87_CVCatNumEnc:Sex:Status2:Status3:Status4.sd": 0.0259024817,
        "84_CVCatNumEnc:Marriage:Sex:PayAmt6.mean": 0.0258993711,
        "50_InteractionSub:PayAmt6:Status2": 0.0225899406,
        "11_Age": 0.02240978,
        "63_InteractionMul:PayAmt2:Status1": 0.0222637132,
        "53_InteractionSub:Status1:Status4": 0.021810567,
        "9_Freq:Status5": 0.020442633,
        "92_CVCatNumEnc:Status2:Status4:Status1.mean": 0.019329913,
        "82_CVCatNumEnc:Status1:Status4:Status2.sd": 0.0132911708,
        "49_CVCatNumEnc:Age:Status1:Status2:PayAmt1.mean": 0.0099976175,
        "54_NumToCatWoE:PayAmt5.0": 0.0090153394,
        "80_CVCatNumEnc:Age:CreditLimit:Marriage:Sex:Status4.max": 0.0087624965,
        "90_InteractionAdd:Status2:Status3": 0.0045370962
    },
    "Shift of Relative Importance": {
        "56_CVTE:Status1:Status2:Status3.0": 0.3091146946,
        "93_NumCatTE:Status1:Status2.0": 0.5734817386,
        "78_CVTE:Status1:Status2.0": 0.5207792521,
        "67_CVTE:Education:Status1:Status2:Status5.0": 0.4393397868,
        "44_CVTE:Status1:Status2.0": -0.343178153,
        "76_WoE:Status1:Status2.0": 0.0227544308,
        "55_WoE:Sex:Status1:Status2:Status3:Status4.0": -0.2584645152,
        "43_CVTE:Status1:Status2:Status3.0": -0.2132700086,
        "89_NumToCatWoEMonotonic:Age:Status1:Status3.0": 0.124242574,
        "22_PayAmt3": -0.0553956777,
        "12_BillAmt1": -0.0135902315,
        "21_PayAmt2": 0.0343745276,
        "20_PayAmt1": 0.0100113079,
        "23_PayAmt4": 0.0402727798,
        "39_NumToCatWoEMonotonic:CreditLimit:Status2:Status3.0": 0.0370734371,
        "13_BillAmt2": 0.0185360014,
        "81_NumToCatWoEMonotonic:BillAmt3:CreditLimit:Education:Status1.0": -0.0485809743,
        "38_NumToCatWoE:Age:Status1:Status3.0": 0.0416255072,
        "91_NumCatTE:Marriage:PayAmt6:Sex.0": 0.0190640241,
        "31_Status6": 0.021030765,
        "24_PayAmt5": -0.0049898922,
        "62_WoE:Education:Status2:Status3:Status5.0": 0.0258244723,
        "65_WoE:CreditLimit:Status1:Status2:Status3:Status6.0": 0.0285114907,
        "41_NumCatTE:CreditLimit:PayAmt1:PayAmt6:Status6.0": -0.0055798329,
        "49_CVCatNumEnc:Age:Status1:Status2:BillAmt2.mean": 0.0091125779,
        "79_NumToCatWoE:BillAmt6:Status1:Status2:Status4:Status6.0": 0.0199008919,
        "83_CVCatNumEnc:CreditLimit:Marriage:Sex:BillAmt1.max": -0.0159483254,
        "37_InteractionSub:Age:BillAmt5": -0.0003003441,
        "90_InteractionAdd:CreditLimit:Status2": 0.0163838714,
        "18_CreditLimit": 0.0202393308,
        "86_NumCatTE:CreditLimit:Marriage:Status1:Status2:Status3.0": 0.0116391927,
        "80_CVCatNumEnc:Age:CreditLimit:Marriage:Sex:BillAmt1.max": -0.0037708469,
        "14_BillAmt3": -0.0015071146,
        "80_CVCatNumEnc:Age:CreditLimit:Marriage:Sex:BillAmt3.max": -0.0084448718,
        "88_CVCatNumEnc:Age:CreditLimit.mean": 0.0009580329,
        "87_CVCatNumEnc:Sex:Status2:Status3:Status1.sd": 0.0111964382,
        "47_NumCatTE:BillAmt1:CreditLimit:Education:PayAmt6:Status1:Status2:Status3:Status4:Status5.0": -0.0063343011,
        "49_CVCatNumEnc:Age:Status1:Status2:BillAmt3.mean": -0.014991343,
        "25_PayAmt6": 0.0019183531,
        "84_CVCatNumEnc:Marriage:Sex:Age.mean": 0.0060889348,
        "17_BillAmt6": -0.0119095035,
        "80_CVCatNumEnc:Age:CreditLimit:Marriage:Sex:PayAmt6.max": -0.0190786496,
        "40_InteractionAdd:PayAmt6:Status1": -0.0057459325,
        "64_NumToCatWoEMonotonic:Status1:Status5.0": -0.0295798108,
        "90_InteractionAdd:CreditLimit:Status3": 0.0171223618,
        "73_NumCatTE:Age:BillAmt1:PayAmt3:PayAmt6:Status1:Status2:Status3.0": -0.0039140508,
        "2_Freq:Education": 0.0010788999,
        "61_WoE:Sex:Status5.0": -0.003242407,
        "75_Freq:Age:CreditLimit:Status1": 0.0030528549,
        "15_BillAmt4": -0.0111759715,
        "0_Freq:Age": -0.0107021146,
        "77_NumCatTE:BillAmt3:Education:PayAmt3:PayAmt4:PayAmt6:Status1:Status2:Status3:Status4.0": -0.0069656596,
        "88_CVCatNumEnc:Age:Status1.mean": 0.0008753985,
        "16_BillAmt5": -0.0017331094,
        "82_CVCatNumEnc:Status1:Status4:Status3.sd": -0.0009339005,
        "59_Freq:CreditLimit:Status1:Status2:Status3": -0.0065375324,
        "84_CVCatNumEnc:Marriage:Sex:CreditLimit.mean": -0.0166125968,
        "83_CVCatNumEnc:CreditLimit:Marriage:Sex:Age.max": -0.0054157786,
        "66_CVCatNumEnc:Age:Status1:Status2:PayAmt4.mean": -0.0247862078,
        "87_CVCatNumEnc:Sex:Status2:Status3:Status4.sd": -0.0010863952,
        "84_CVCatNumEnc:Marriage:Sex:PayAmt6.mean": -0.0120147597,
        "50_InteractionSub:PayAmt6:Status2": -0.0058445558,
        "11_Age": -0.0063773859,
        "63_InteractionMul:PayAmt2:Status1": -0.0039440654,
        "53_InteractionSub:Status1:Status4": -0.0056753196,
        "9_Freq:Status5": -0.0090016983,
        "92_CVCatNumEnc:Status2:Status4:Status1.mean": -0.0021662712,
        "82_CVCatNumEnc:Status1:Status4:Status2.sd": -0.0095057413,
        "49_CVCatNumEnc:Age:Status1:Status2:PayAmt1.mean": -0.0017479379,
        "54_NumToCatWoE:PayAmt5.0": -0.0263536051,
        "80_CVCatNumEnc:Age:CreditLimit:Marriage:Sex:Status4.max": -0.0007850258,
        "90_InteractionAdd:Status2:Status3": -0.011670148
    },
    "Description": {
        "56_CVTE:Status1:Status2:Status3.0": "Out-of-fold mean of the response grouped by: ['Status1', 'Status2', 'Status3'] using 5 folds [internal:(20, 3, 100)]",
        "93_NumCatTE:Status1:Status2.0": "Out-of-fold mean of the response grouped by: ['Status1', 'Status2'] using 5 folds [internal:(100, 3, 10)] (numeric columns are bucketed into 25 equally populated bins) [internal:(100, 3, 10)]",
        "78_CVTE:Status1:Status2.0": "Out-of-fold mean of the response grouped by: ['Status1', 'Status2'] using 5 folds [internal:(100, 10, 100)]",
        "67_CVTE:Education:Status1:Status2:Status5.0": "Out-of-fold mean of the response grouped by: ['Education', 'Status1', 'Status2', 'Status5'] using 5 folds [internal:(10, 5, None)]",
        "44_CVTE:Status1:Status2.0": "Out-of-fold mean of the response grouped by: ['Status1', 'Status2'] using 5 folds [internal:(20, 10, 20)]",
        "76_WoE:Status1:Status2.0": "Weight of Evidence for columns ['Status1', 'Status2'] column #0",
        "55_WoE:Sex:Status1:Status2:Status3:Status4.0": "Weight of Evidence for columns ['Sex', 'Status1', 'Status2', 'Status3', 'Status4'] column #0",
        "43_CVTE:Status1:Status2:Status3.0": "Out-of-fold mean of the response grouped by: ['Status1', 'Status2', 'Status3'] using 5 folds [internal:(20, 1, 100)]",
        "89_NumToCatWoEMonotonic:Age:Status1:Status3.0": "Weight of Evidence for columns ['Age', 'Status1', 'Status3'] column #0 (numeric columns are bucketed into maximum of 250 bins, can be less due to monotonicity constraints)",
        "22_PayAmt3": "PayAmt3 (original)",
        "12_BillAmt1": "BillAmt1 (original)",
        "21_PayAmt2": "PayAmt2 (original)",
        "20_PayAmt1": "PayAmt1 (original)",
        "23_PayAmt4": "PayAmt4 (original)",
        "39_NumToCatWoEMonotonic:CreditLimit:Status2:Status3.0": "Weight of Evidence for columns ['CreditLimit', 'Status2', 'Status3'] column #0 (numeric columns are bucketed into maximum of 250 bins, can be less due to monotonicity constraints)",
        "13_BillAmt2": "BillAmt2 (original)",
        "81_NumToCatWoEMonotonic:BillAmt3:CreditLimit:Education:Status1.0": "Weight of Evidence for columns ['BillAmt3', 'CreditLimit', 'Education', 'Status1'] column #0 (numeric columns are bucketed into maximum of 250 bins, can be less due to monotonicity constraints)",
        "38_NumToCatWoE:Age:Status1:Status3.0": "Weight of Evidence for columns ['Age', 'Status1', 'Status3'] column #0 (numeric columns are bucketed into 250 equally populated bins)",
        "91_NumCatTE:Marriage:PayAmt6:Sex.0": "Out-of-fold mean of the response grouped by: ['Marriage', 'PayAmt6', 'Sex'] using 5 folds [internal:(20, 10, None)] (numeric columns are bucketed into 100 equally populated bins) [internal:(20, 10, None)]",
        "31_Status6": "Status6 (original)",
        "24_PayAmt5": "PayAmt5 (original)",
        "62_WoE:Education:Status2:Status3:Status5.0": "Weight of Evidence for columns ['Education', 'Status2', 'Status3', 'Status5'] column #0",
        "65_WoE:CreditLimit:Status1:Status2:Status3:Status6.0": "Weight of Evidence for columns ['CreditLimit', 'Status1', 'Status2', 'Status3', 'Status6'] column #0",
        "41_NumCatTE:CreditLimit:PayAmt1:PayAmt6:Status6.0": "Out-of-fold mean of the response grouped by: ['CreditLimit', 'PayAmt1', 'PayAmt6', 'Status6'] using 5 folds [internal:(20, 5, 20)] (numeric columns are bucketed into 25 equally populated bins) [internal:(20, 5, 20)]",
        "49_CVCatNumEnc:Age:Status1:Status2:BillAmt2.mean": "Out-of-fold mean of 'BillAmt2' grouped by: ['Age', 'Status1', 'Status2'] using 5 folds [internal:('mean', 1)]",
        "79_NumToCatWoE:BillAmt6:Status1:Status2:Status4:Status6.0": "Weight of Evidence for columns ['BillAmt6', 'Status1', 'Status2', 'Status4', 'Status6'] column #0 (numeric columns are bucketed into 25 equally populated bins)",
        "83_CVCatNumEnc:CreditLimit:Marriage:Sex:BillAmt1.max": "Out-of-fold max of 'BillAmt1' grouped by: ['CreditLimit', 'Marriage', 'Sex'] using 5 folds [internal:('max', None)]",
        "37_InteractionSub:Age:BillAmt5": "[Age] - [BillAmt5]",
        "90_InteractionAdd:CreditLimit:Status2": "[CreditLimit] + [Status2]",
        "18_CreditLimit": "CreditLimit (original)",
        "86_NumCatTE:CreditLimit:Marriage:Status1:Status2:Status3.0": "Out-of-fold mean of the response grouped by: ['CreditLimit', 'Marriage', 'Status1', 'Status2', 'Status3'] using 5 folds [internal:(20, 3, None)] (numeric columns are bucketed into 25 equally populated bins) [internal:(20, 3, None)]",
        "80_CVCatNumEnc:Age:CreditLimit:Marriage:Sex:BillAmt1.max": "Out-of-fold max of 'BillAmt1' grouped by: ['Age', 'CreditLimit', 'Marriage', 'Sex'] using 5 folds [internal:('max', 3)]",
        "14_BillAmt3": "BillAmt3 (original)",
        "80_CVCatNumEnc:Age:CreditLimit:Marriage:Sex:BillAmt3.max": "Out-of-fold max of 'BillAmt3' grouped by: ['Age', 'CreditLimit', 'Marriage', 'Sex'] using 5 folds [internal:('max', 3)]",
        "88_CVCatNumEnc:Age:CreditLimit.mean": "Out-of-fold mean of 'CreditLimit' grouped by: ['Age'] using 5 folds [internal:('mean', None)]",
        "87_CVCatNumEnc:Sex:Status2:Status3:Status1.sd": "Out-of-fold sd of 'Status1' grouped by: ['Sex', 'Status2', 'Status3'] using 5 folds [internal:('sd', 10)]",
        "47_NumCatTE:BillAmt1:CreditLimit:Education:PayAmt6:Status1:Status2:Status3:Status4:Status5.0": "Out-of-fold mean of the response grouped by: ['BillAmt1', 'CreditLimit', 'Education', 'PayAmt6', 'Status1', 'Status2', 'Status3', 'Status4', 'Status5'] using 5 folds [internal:(20, 5, None)] (numeric columns are bucketed into 25 equally populated bins) [internal:(20, 5, None)]",
        "49_CVCatNumEnc:Age:Status1:Status2:BillAmt3.mean": "Out-of-fold mean of 'BillAmt3' grouped by: ['Age', 'Status1', 'Status2'] using 5 folds [internal:('mean', 1)]",
        "25_PayAmt6": "PayAmt6 (original)",
        "84_CVCatNumEnc:Marriage:Sex:Age.mean": "Out-of-fold mean of 'Age' grouped by: ['Marriage', 'Sex'] using 5 folds [internal:('mean', 1)]",
        "17_BillAmt6": "BillAmt6 (original)",
        "80_CVCatNumEnc:Age:CreditLimit:Marriage:Sex:PayAmt6.max": "Out-of-fold max of 'PayAmt6' grouped by: ['Age', 'CreditLimit', 'Marriage', 'Sex'] using 5 folds [internal:('max', 3)]",
        "40_InteractionAdd:PayAmt6:Status1": "[PayAmt6] + [Status1]",
        "64_NumToCatWoEMonotonic:Status1:Status5.0": "Weight of Evidence for columns ['Status1', 'Status5'] column #0 (numeric columns are bucketed into maximum of 25 bins, can be less due to monotonicity constraints)",
        "90_InteractionAdd:CreditLimit:Status3": "[CreditLimit] + [Status3]",
        "73_NumCatTE:Age:BillAmt1:PayAmt3:PayAmt6:Status1:Status2:Status3.0": "Out-of-fold mean of the response grouped by: ['Age', 'BillAmt1', 'PayAmt3', 'PayAmt6', 'Status1', 'Status2', 'Status3'] using 5 folds [internal:(100, 10, 20)] (numeric columns are bucketed into 10 equally populated bins) [internal:(100, 10, 20)]",
        "2_Freq:Education": "Encoding of categorical levels of feature(s) ['Education'] to value between 0 and 1 based on their relative frequency",
        "61_WoE:Sex:Status5.0": "Weight of Evidence for columns ['Sex', 'Status5'] column #0",
        "75_Freq:Age:CreditLimit:Status1": "Encoding of categorical levels of feature(s) ['Age', 'CreditLimit', 'Status1'] to their counts",
        "15_BillAmt4": "BillAmt4 (original)",
        "0_Freq:Age": "Encoding of categorical levels of feature(s) ['Age'] to value between 0 and 1 based on their relative frequency",
        "77_NumCatTE:BillAmt3:Education:PayAmt3:PayAmt4:PayAmt6:Status1:Status2:Status3:Status4.0": "Out-of-fold mean of the response grouped by: ['BillAmt3', 'Education', 'PayAmt3', 'PayAmt4', 'PayAmt6', 'Status1', 'Status2', 'Status3', 'Status4'] using 5 folds [internal:(20, 5, 20)] (numeric columns are bucketed into 250 equally populated bins) [internal:(20, 5, 20)]",
        "88_CVCatNumEnc:Age:Status1.mean": "Out-of-fold mean of 'Status1' grouped by: ['Age'] using 5 folds [internal:('mean', None)]",
        "16_BillAmt5": "BillAmt5 (original)",
        "82_CVCatNumEnc:Status1:Status4:Status3.sd": "Out-of-fold sd of 'Status3' grouped by: ['Status1', 'Status4'] using 5 folds [internal:('sd', 3)]",
        "59_Freq:CreditLimit:Status1:Status2:Status3": "Encoding of categorical levels of feature(s) ['CreditLimit', 'Status1', 'Status2', 'Status3'] to their counts",
        "84_CVCatNumEnc:Marriage:Sex:CreditLimit.mean": "Out-of-fold mean of 'CreditLimit' grouped by: ['Marriage', 'Sex'] using 5 folds [internal:('mean', 1)]",
        "83_CVCatNumEnc:CreditLimit:Marriage:Sex:Age.max": "Out-of-fold max of 'Age' grouped by: ['CreditLimit', 'Marriage', 'Sex'] using 5 folds [internal:('max', None)]",
        "66_CVCatNumEnc:Age:Status1:Status2:PayAmt4.mean": "Out-of-fold mean of 'PayAmt4' grouped by: ['Age', 'Status1', 'Status2'] using 5 folds [internal:('mean', 1)]",
        "87_CVCatNumEnc:Sex:Status2:Status3:Status4.sd": "Out-of-fold sd of 'Status4' grouped by: ['Sex', 'Status2', 'Status3'] using 5 folds [internal:('sd', 10)]",
        "84_CVCatNumEnc:Marriage:Sex:PayAmt6.mean": "Out-of-fold mean of 'PayAmt6' grouped by: ['Marriage', 'Sex'] using 5 folds [internal:('mean', 1)]",
        "50_InteractionSub:PayAmt6:Status2": "[PayAmt6] - [Status2]",
        "11_Age": "Age (original)",
        "63_InteractionMul:PayAmt2:Status1": "[PayAmt2] * [Status1]",
        "53_InteractionSub:Status1:Status4": "[Status1] - [Status4]",
        "9_Freq:Status5": "Encoding of categorical levels of feature(s) ['Status5'] to value between 0 and 1 based on their relative frequency",
        "92_CVCatNumEnc:Status2:Status4:Status1.mean": "Out-of-fold mean of 'Status1' grouped by: ['Status2', 'Status4'] using 5 folds [internal:('mean', 1)]",
        "82_CVCatNumEnc:Status1:Status4:Status2.sd": "Out-of-fold sd of 'Status2' grouped by: ['Status1', 'Status4'] using 5 folds [internal:('sd', 3)]",
        "49_CVCatNumEnc:Age:Status1:Status2:PayAmt1.mean": "Out-of-fold mean of 'PayAmt1' grouped by: ['Age', 'Status1', 'Status2'] using 5 folds [internal:('mean', 1)]",
        "54_NumToCatWoE:PayAmt5.0": "Weight of Evidence for columns ['PayAmt5'] column #0 (numeric columns are bucketed into 10 equally populated bins)",
        "80_CVCatNumEnc:Age:CreditLimit:Marriage:Sex:Status4.max": "Out-of-fold max of 'Status4' grouped by: ['Age', 'CreditLimit', 'Marriage', 'Sex'] using 5 folds [internal:('max', 3)]",
        "90_InteractionAdd:Status2:Status3": "[Status2] + [Status3]"
    }
}