{
    "Optimized": {
        "GINI": "",
        "MCC": "",
        "F05": "",
        "F1": "",
        "F2": "",
        "ACCURACY": "",
        "LOGLOSS": "",
        "AUCPR": "",
        "AUC": "*"
    },
    "Better score is": {
        "GINI": "higher",
        "MCC": "higher",
        "F05": "higher",
        "F1": "higher",
        "F2": "higher",
        "ACCURACY": "higher",
        "LOGLOSS": "lower",
        "AUCPR": "higher",
        "AUC": "higher"
    },
    "Final ensemble scores on validation (internal or external holdout(s)) data": {
        "GINI": "0.55507",
        "MCC": "0.42002",
        "F05": "0.57408",
        "F1": "0.54698",
        "F2": "0.64248",
        "ACCURACY": "0.81866",
        "LOGLOSS": "0.43383",
        "AUCPR": "0.52985",
        "AUC": "0.77754"
    },
    "Final ensemble standard deviation on validation (internal or external holdout(s)) data": {
        "GINI": "0.014566",
        "MCC": "0.013028",
        "F05": "0.012735",
        "F1": "0.010402",
        "F2": "0.0079803",
        "ACCURACY": "0.0051908",
        "LOGLOSS": "0.0080343",
        "AUCPR": "0.013205",
        "AUC": "0.0072832"
    },
    "Final test scores": {
        "GINI": "0.61878",
        "MCC": "0.43627",
        "F05": "0.59066",
        "F1": "0.56534",
        "F2": "0.66156",
        "ACCURACY": "0.82299",
        "LOGLOSS": "0.41306",
        "AUCPR": "0.59756",
        "AUC": "0.80939"
    },
    "Final test standard deviation": {
        "GINI": "0.014566",
        "MCC": "0.013028",
        "F05": "0.012735",
        "F1": "0.010402",
        "F2": "0.0079803",
        "ACCURACY": "0.0051908",
        "LOGLOSS": "0.0080343",
        "AUCPR": "0.013205",
        "AUC": "0.0072832"
    }
}