{
    "Relative Importance": {
        "Status1": 1.0,
        "Status2": 0.9510413568,
        "Status3": 0.4208247167,
        "Sex": 0.1699876283,
        "Education": 0.1473450457,
        "Status5": 0.1394065025,
        "Status4": 0.1344232628,
        "Age": 0.1326153484,
        "CreditLimit": 0.1313485981,
        "Marriage": 0.0651395745,
        "PayAmt6": 0.0615255342,
        "BillAmt1": 0.046881712,
        "BillAmt3": 0.0363395529,
        "Status6": 0.0358680104,
        "PayAmt3": 0.0347334932,
        "PayAmt1": 0.0266068975,
        "PayAmt4": 0.0246312883,
        "PayAmt2": 0.0223619721,
        "BillAmt2": 0.0206427204,
        "BillAmt6": 0.0146032127,
        "BillAmt5": 0.0124822364,
        "PayAmt5": 0.010965848,
        "BillAmt4": 0.0050537857
    },
    "Standard Deviation of Relative Importance": {
        "Status1": 0.0446132883,
        "Status2": 0.0468802732,
        "Status3": 0.0381986227,
        "Sex": 0.0234844458,
        "Education": 0.0381762851,
        "Status5": 0.0387362876,
        "Status4": 0.027741901,
        "Age": 0.0064159543,
        "CreditLimit": 0.0027789962,
        "Marriage": 0.0023990088,
        "PayAmt6": 0.0020901441,
        "BillAmt1": 0.0055188312,
        "BillAmt3": 0.0023369013,
        "Status6": 0.0004318655,
        "PayAmt3": 0.0091888531,
        "PayAmt1": 0.0060557391,
        "PayAmt4": 0.0053763768,
        "PayAmt2": 0.0078261419,
        "BillAmt2": 0.001818856,
        "BillAmt6": 0.0011606186,
        "BillAmt5": 0.0014688115,
        "PayAmt5": 0.0041244327,
        "BillAmt4": 0.0
    }
}