{
    "Coefficient": {
        "56_CVTE:Status1:Status2:Status3.0": 19936.12109375,
        "93_NumCatTE:Status1:Status2.0": 16369.359375,
        "78_CVTE:Status1:Status2.0": 14585.6015625,
        "67_CVTE:Education:Status1:Status2:Status5.0": 14520.2099609375,
        "44_CVTE:Status1:Status2.0": 13094.48046875,
        "76_WoE:Status1:Status2.0": 12816.669921875,
        "55_WoE:Sex:Status1:Status2:Status3:Status4.0": 12760.990234375,
        "43_CVTE:Status1:Status2:Status3.0": 6291.7309570312,
        "89_NumToCatWoEMonotonic:Age:Status1:Status3.0": 4302.958984375,
        "22_PayAmt3": 3250.8891601562,
        "12_BillAmt1": 2681.2919921875,
        "21_PayAmt2": 2514.6779785156,
        "20_PayAmt1": 2161.6550292969,
        "23_PayAmt4": 2089.0991210938,
        "39_NumToCatWoEMonotonic:CreditLimit:Status2:Status3.0": 1897.2650146484,
        "13_BillAmt2": 1606.1729736328,
        "81_NumToCatWoEMonotonic:BillAmt3:CreditLimit:Education:Status1.0": 1556.3199462891,
        "38_NumToCatWoE:Age:Status1:Status3.0": 1453.5179443359,
        "91_NumCatTE:Marriage:PayAmt6:Sex.0": 1430.9749755859,
        "31_Status6": 1274.8370361328,
        "24_PayAmt5": 1271.0710449219,
        "62_WoE:Education:Status2:Status3:Status5.0": 1239.4720458984,
        "65_WoE:CreditLimit:Status1:Status2:Status3:Status6.0": 1191.8260498047,
        "41_NumCatTE:CreditLimit:PayAmt1:PayAmt6:Status6.0": 1159.1729736328,
        "49_CVCatNumEnc:Age:Status1:Status2:BillAmt2.mean": 1124.8969726562,
        "79_NumToCatWoE:BillAmt6:Status1:Status2:Status4:Status6.0": 1119.5679931641,
        "83_CVCatNumEnc:CreditLimit:Marriage:Sex:BillAmt1.max": 1060.6560058594,
        "37_InteractionSub:Age:BillAmt5": 1020.0379638672,
        "90_InteractionAdd:CreditLimit:Status2": 989.8289794922,
        "18_CreditLimit": 975.1950073242,
        "86_NumCatTE:CreditLimit:Marriage:Status1:Status2:Status3.0": 947.9738769531,
        "80_CVCatNumEnc:Age:CreditLimit:Marriage:Sex:BillAmt1.max": 920.0169677734,
        "14_BillAmt3": 889.2479858398,
        "80_CVCatNumEnc:Age:CreditLimit:Marriage:Sex:BillAmt3.max": 876.1539916992,
        "88_CVCatNumEnc:Age:CreditLimit.mean": 874.0670166016,
        "87_CVCatNumEnc:Sex:Status2:Status3:Status1.sd": 868.0830078125,
        "47_NumCatTE:BillAmt1:CreditLimit:Education:PayAmt6:Status1:Status2:Status3:Status4:Status5.0": 849.2449951172,
        "49_CVCatNumEnc:Age:Status1:Status2:BillAmt3.mean": 832.9790039062,
        "25_PayAmt6": 821.4370117188,
        "84_CVCatNumEnc:Marriage:Sex:Age.mean": 817.0809936523,
        "17_BillAmt6": 812.4639892578,
        "80_CVCatNumEnc:Age:CreditLimit:Marriage:Sex:PayAmt6.max": 785.5119628906,
        "40_InteractionAdd:PayAmt6:Status1": 782.4949951172,
        "64_NumToCatWoEMonotonic:Status1:Status5.0": 753.1671142578,
        "90_InteractionAdd:CreditLimit:Status3": 739.7459716797,
        "73_NumCatTE:Age:BillAmt1:PayAmt3:PayAmt6:Status1:Status2:Status3.0": 691.3270263672,
        "2_Freq:Education": 675.6857910156,
        "61_WoE:Sex:Status5.0": 674.0969848633,
        "75_Freq:Age:CreditLimit:Status1": 670.9180297852,
        "15_BillAmt4": 668.6251831055,
        "0_Freq:Age": 667.841003418,
        "77_NumCatTE:BillAmt3:Education:PayAmt3:PayAmt4:PayAmt6:Status1:Status2:Status3:Status4.0": 653.0889892578,
        "88_CVCatNumEnc:Age:Status1.mean": 637.7280273438,
        "16_BillAmt5": 631.3850097656,
        "82_CVCatNumEnc:Status1:Status4:Status3.sd": 625.3126831055,
        "59_Freq:CreditLimit:Status1:Status2:Status3": 620.3809814453,
        "84_CVCatNumEnc:Marriage:Sex:CreditLimit.mean": 555.8190917969,
        "83_CVCatNumEnc:CreditLimit:Marriage:Sex:Age.max": 532.8748779297,
        "66_CVCatNumEnc:Age:Status1:Status2:PayAmt4.mean": 516.5767211914,
        "87_CVCatNumEnc:Sex:Status2:Status3:Status4.sd": 516.3950195312,
        "84_CVCatNumEnc:Marriage:Sex:PayAmt6.mean": 516.3330078125,
        "50_InteractionSub:PayAmt6:Status2": 450.3558044434,
        "11_Age": 446.7640991211,
        "63_InteractionMul:PayAmt2:Status1": 443.8520812988,
        "53_InteractionSub:Status1:Status4": 434.8181152344,
        "9_Freq:Status5": 407.5468139648,
        "92_CVCatNumEnc:Status2:Status4:Status1.mean": 385.363494873,
        "82_CVCatNumEnc:Status1:Status4:Status2.sd": 264.974395752,
        "49_CVCatNumEnc:Age:Status1:Status2:PayAmt1.mean": 199.3137054443,
        "54_NumToCatWoE:PayAmt5.0": 179.7308959961,
        "80_CVCatNumEnc:Age:CreditLimit:Marriage:Sex:Status4.max": 174.6902008057,
        "90_InteractionAdd:Status2:Status3": 90.4521026611
    },
    "Standard Deviation of Coefficient": {
        "56_CVTE:Status1:Status2:Status3.0": 3644.0038419299,
        "93_NumCatTE:Status1:Status2.0": 2239.4689102553,
        "78_CVTE:Status1:Status2.0": 2450.7839562067,
        "67_CVTE:Education:Status1:Status2:Status5.0": 1473.3824181115,
        "44_CVTE:Status1:Status2.0": 1534.7841867833,
        "76_WoE:Status1:Status2.0": 3046.3785057015,
        "55_WoE:Sex:Status1:Status2:Status3:Status4.0": 2996.0312081152,
        "43_CVTE:Status1:Status2:Status3.0": 659.7850502247,
        "89_NumToCatWoEMonotonic:Age:Status1:Status3.0": 680.2268233832,
        "22_PayAmt3": 289.2225570387,
        "12_BillAmt1": 86.2014837505,
        "21_PayAmt2": 55.2816364281,
        "20_PayAmt1": 83.2435831799,
        "23_PayAmt4": 144.4770202316,
        "39_NumToCatWoEMonotonic:CreditLimit:Status2:Status3.0": 87.9980135607,
        "13_BillAmt2": 116.7216490604,
        "81_NumToCatWoEMonotonic:BillAmt3:CreditLimit:Education:Status1.0": 357.352067295,
        "38_NumToCatWoE:Age:Status1:Status3.0": 152.2325010469,
        "91_NumCatTE:Marriage:PayAmt6:Sex.0": 51.50572869,
        "31_Status6": 107.8244694443,
        "24_PayAmt5": 88.5649561895,
        "62_WoE:Education:Status2:Status3:Status5.0": 87.734081422,
        "65_WoE:CreditLimit:Status1:Status2:Status3:Status6.0": 158.8477368917,
        "41_NumCatTE:CreditLimit:PayAmt1:PayAmt6:Status6.0": 34.7297216294,
        "49_CVCatNumEnc:Age:Status1:Status2:BillAmt2.mean": 100.6646854972,
        "79_NumToCatWoE:BillAmt6:Status1:Status2:Status4:Status6.0": 202.1753763753,
        "83_CVCatNumEnc:CreditLimit:Marriage:Sex:BillAmt1.max": 37.307566152,
        "37_InteractionSub:Age:BillAmt5": 76.6672370337,
        "90_InteractionAdd:CreditLimit:Status2": 74.5110985598,
        "18_CreditLimit": 88.883919098,
        "86_NumCatTE:CreditLimit:Marriage:Status1:Status2:Status3.0": 141.484015219,
        "80_CVCatNumEnc:Age:CreditLimit:Marriage:Sex:BillAmt1.max": 57.2322677404,
        "14_BillAmt3": 34.2615510717,
        "80_CVCatNumEnc:Age:CreditLimit:Marriage:Sex:BillAmt3.max": 97.9322100917,
        "88_CVCatNumEnc:Age:CreditLimit.mean": 57.8834256657,
        "87_CVCatNumEnc:Sex:Status2:Status3:Status1.sd": 37.2623344328,
        "47_NumCatTE:BillAmt1:CreditLimit:Education:PayAmt6:Status1:Status2:Status3:Status4:Status5.0": 35.5987842138,
        "49_CVCatNumEnc:Age:Status1:Status2:BillAmt3.mean": 77.3805341821,
        "25_PayAmt6": 79.5511793547,
        "84_CVCatNumEnc:Marriage:Sex:Age.mean": 19.6791579238,
        "17_BillAmt6": 55.8467774256,
        "80_CVCatNumEnc:Age:CreditLimit:Marriage:Sex:PayAmt6.max": 101.8313508868,
        "40_InteractionAdd:PayAmt6:Status1": 69.3295670489,
        "64_NumToCatWoEMonotonic:Status1:Status5.0": 154.3231504526,
        "90_InteractionAdd:CreditLimit:Status3": 41.3268755719,
        "73_NumCatTE:Age:BillAmt1:PayAmt3:PayAmt6:Status1:Status2:Status3.0": 45.6131726965,
        "2_Freq:Education": 65.8120733901,
        "61_WoE:Sex:Status5.0": 46.5938914736,
        "75_Freq:Age:CreditLimit:Status1": 45.9573006858,
        "15_BillAmt4": 61.995166221,
        "0_Freq:Age": 49.0210115187,
        "77_NumCatTE:BillAmt3:Education:PayAmt3:PayAmt4:PayAmt6:Status1:Status2:Status3:Status4.0": 29.0941968447,
        "88_CVCatNumEnc:Age:Status1.mean": 78.0683513369,
        "16_BillAmt5": 29.0040006838,
        "82_CVCatNumEnc:Status1:Status4:Status3.sd": 52.0961892988,
        "59_Freq:CreditLimit:Status1:Status2:Status3": 20.6293060432,
        "84_CVCatNumEnc:Marriage:Sex:CreditLimit.mean": 49.7066516746,
        "83_CVCatNumEnc:CreditLimit:Marriage:Sex:Age.max": 43.8652444193,
        "66_CVCatNumEnc:Age:Status1:Status2:PayAmt4.mean": 59.259849277,
        "87_CVCatNumEnc:Sex:Status2:Status3:Status4.sd": 9.0925124332,
        "84_CVCatNumEnc:Marriage:Sex:PayAmt6.mean": 23.5113562882,
        "50_InteractionSub:PayAmt6:Status2": 29.2405458479,
        "11_Age": 28.6106518096,
        "63_InteractionMul:PayAmt2:Status1": 36.5046367052,
        "53_InteractionSub:Status1:Status4": 40.1601104662,
        "9_Freq:Status5": 64.8841478076,
        "92_CVCatNumEnc:Status2:Status4:Status1.mean": 13.0729640681,
        "82_CVCatNumEnc:Status1:Status4:Status2.sd": 10.7907015296,
        "49_CVCatNumEnc:Age:Status1:Status2:PayAmt1.mean": 14.9586721115,
        "54_NumToCatWoE:PayAmt5.0": 13.7266692156,
        "80_CVCatNumEnc:Age:CreditLimit:Marriage:Sex:Status4.max": 11.4534081064,
        "90_InteractionAdd:Status2:Status3": 12.5342974299
    },
    "Description": {
        "56_CVTE:Status1:Status2:Status3.0": "Out-of-fold mean of the response grouped by: ['Status1', 'Status2', 'Status3'] using 5 folds [internal:(20, 3, 100)]",
        "93_NumCatTE:Status1:Status2.0": "Out-of-fold mean of the response grouped by: ['Status1', 'Status2'] using 5 folds [internal:(100, 3, 10)] (numeric columns are bucketed into 25 equally populated bins) [internal:(100, 3, 10)]",
        "78_CVTE:Status1:Status2.0": "Out-of-fold mean of the response grouped by: ['Status1', 'Status2'] using 5 folds [internal:(100, 10, 100)]",
        "67_CVTE:Education:Status1:Status2:Status5.0": "Out-of-fold mean of the response grouped by: ['Education', 'Status1', 'Status2', 'Status5'] using 5 folds [internal:(10, 5, None)]",
        "44_CVTE:Status1:Status2.0": "Out-of-fold mean of the response grouped by: ['Status1', 'Status2'] using 5 folds [internal:(20, 10, 20)]",
        "76_WoE:Status1:Status2.0": "Weight of Evidence for columns ['Status1', 'Status2'] column #0",
        "55_WoE:Sex:Status1:Status2:Status3:Status4.0": "Weight of Evidence for columns ['Sex', 'Status1', 'Status2', 'Status3', 'Status4'] column #0",
        "43_CVTE:Status1:Status2:Status3.0": "Out-of-fold mean of the response grouped by: ['Status1', 'Status2', 'Status3'] using 5 folds [internal:(20, 1, 100)]",
        "89_NumToCatWoEMonotonic:Age:Status1:Status3.0": "Weight of Evidence for columns ['Age', 'Status1', 'Status3'] column #0 (numeric columns are bucketed into maximum of 250 bins, can be less due to monotonicity constraints)",
        "22_PayAmt3": "PayAmt3 (original)",
        "12_BillAmt1": "BillAmt1 (original)",
        "21_PayAmt2": "PayAmt2 (original)",
        "20_PayAmt1": "PayAmt1 (original)",
        "23_PayAmt4": "PayAmt4 (original)",
        "39_NumToCatWoEMonotonic:CreditLimit:Status2:Status3.0": "Weight of Evidence for columns ['CreditLimit', 'Status2', 'Status3'] column #0 (numeric columns are bucketed into maximum of 250 bins, can be less due to monotonicity constraints)",
        "13_BillAmt2": "BillAmt2 (original)",
        "81_NumToCatWoEMonotonic:BillAmt3:CreditLimit:Education:Status1.0": "Weight of Evidence for columns ['BillAmt3', 'CreditLimit', 'Education', 'Status1'] column #0 (numeric columns are bucketed into maximum of 250 bins, can be less due to monotonicity constraints)",
        "38_NumToCatWoE:Age:Status1:Status3.0": "Weight of Evidence for columns ['Age', 'Status1', 'Status3'] column #0 (numeric columns are bucketed into 250 equally populated bins)",
        "91_NumCatTE:Marriage:PayAmt6:Sex.0": "Out-of-fold mean of the response grouped by: ['Marriage', 'PayAmt6', 'Sex'] using 5 folds [internal:(20, 10, None)] (numeric columns are bucketed into 100 equally populated bins) [internal:(20, 10, None)]",
        "31_Status6": "Status6 (original)",
        "24_PayAmt5": "PayAmt5 (original)",
        "62_WoE:Education:Status2:Status3:Status5.0": "Weight of Evidence for columns ['Education', 'Status2', 'Status3', 'Status5'] column #0",
        "65_WoE:CreditLimit:Status1:Status2:Status3:Status6.0": "Weight of Evidence for columns ['CreditLimit', 'Status1', 'Status2', 'Status3', 'Status6'] column #0",
        "41_NumCatTE:CreditLimit:PayAmt1:PayAmt6:Status6.0": "Out-of-fold mean of the response grouped by: ['CreditLimit', 'PayAmt1', 'PayAmt6', 'Status6'] using 5 folds [internal:(20, 5, 20)] (numeric columns are bucketed into 25 equally populated bins) [internal:(20, 5, 20)]",
        "49_CVCatNumEnc:Age:Status1:Status2:BillAmt2.mean": "Out-of-fold mean of 'BillAmt2' grouped by: ['Age', 'Status1', 'Status2'] using 5 folds [internal:('mean', 1)]",
        "79_NumToCatWoE:BillAmt6:Status1:Status2:Status4:Status6.0": "Weight of Evidence for columns ['BillAmt6', 'Status1', 'Status2', 'Status4', 'Status6'] column #0 (numeric columns are bucketed into 25 equally populated bins)",
        "83_CVCatNumEnc:CreditLimit:Marriage:Sex:BillAmt1.max": "Out-of-fold max of 'BillAmt1' grouped by: ['CreditLimit', 'Marriage', 'Sex'] using 5 folds [internal:('max', None)]",
        "37_InteractionSub:Age:BillAmt5": "[Age] - [BillAmt5]",
        "90_InteractionAdd:CreditLimit:Status2": "[CreditLimit] + [Status2]",
        "18_CreditLimit": "CreditLimit (original)",
        "86_NumCatTE:CreditLimit:Marriage:Status1:Status2:Status3.0": "Out-of-fold mean of the response grouped by: ['CreditLimit', 'Marriage', 'Status1', 'Status2', 'Status3'] using 5 folds [internal:(20, 3, None)] (numeric columns are bucketed into 25 equally populated bins) [internal:(20, 3, None)]",
        "80_CVCatNumEnc:Age:CreditLimit:Marriage:Sex:BillAmt1.max": "Out-of-fold max of 'BillAmt1' grouped by: ['Age', 'CreditLimit', 'Marriage', 'Sex'] using 5 folds [internal:('max', 3)]",
        "14_BillAmt3": "BillAmt3 (original)",
        "80_CVCatNumEnc:Age:CreditLimit:Marriage:Sex:BillAmt3.max": "Out-of-fold max of 'BillAmt3' grouped by: ['Age', 'CreditLimit', 'Marriage', 'Sex'] using 5 folds [internal:('max', 3)]",
        "88_CVCatNumEnc:Age:CreditLimit.mean": "Out-of-fold mean of 'CreditLimit' grouped by: ['Age'] using 5 folds [internal:('mean', None)]",
        "87_CVCatNumEnc:Sex:Status2:Status3:Status1.sd": "Out-of-fold sd of 'Status1' grouped by: ['Sex', 'Status2', 'Status3'] using 5 folds [internal:('sd', 10)]",
        "47_NumCatTE:BillAmt1:CreditLimit:Education:PayAmt6:Status1:Status2:Status3:Status4:Status5.0": "Out-of-fold mean of the response grouped by: ['BillAmt1', 'CreditLimit', 'Education', 'PayAmt6', 'Status1', 'Status2', 'Status3', 'Status4', 'Status5'] using 5 folds [internal:(20, 5, None)] (numeric columns are bucketed into 25 equally populated bins) [internal:(20, 5, None)]",
        "49_CVCatNumEnc:Age:Status1:Status2:BillAmt3.mean": "Out-of-fold mean of 'BillAmt3' grouped by: ['Age', 'Status1', 'Status2'] using 5 folds [internal:('mean', 1)]",
        "25_PayAmt6": "PayAmt6 (original)",
        "84_CVCatNumEnc:Marriage:Sex:Age.mean": "Out-of-fold mean of 'Age' grouped by: ['Marriage', 'Sex'] using 5 folds [internal:('mean', 1)]",
        "17_BillAmt6": "BillAmt6 (original)",
        "80_CVCatNumEnc:Age:CreditLimit:Marriage:Sex:PayAmt6.max": "Out-of-fold max of 'PayAmt6' grouped by: ['Age', 'CreditLimit', 'Marriage', 'Sex'] using 5 folds [internal:('max', 3)]",
        "40_InteractionAdd:PayAmt6:Status1": "[PayAmt6] + [Status1]",
        "64_NumToCatWoEMonotonic:Status1:Status5.0": "Weight of Evidence for columns ['Status1', 'Status5'] column #0 (numeric columns are bucketed into maximum of 25 bins, can be less due to monotonicity constraints)",
        "90_InteractionAdd:CreditLimit:Status3": "[CreditLimit] + [Status3]",
        "73_NumCatTE:Age:BillAmt1:PayAmt3:PayAmt6:Status1:Status2:Status3.0": "Out-of-fold mean of the response grouped by: ['Age', 'BillAmt1', 'PayAmt3', 'PayAmt6', 'Status1', 'Status2', 'Status3'] using 5 folds [internal:(100, 10, 20)] (numeric columns are bucketed into 10 equally populated bins) [internal:(100, 10, 20)]",
        "2_Freq:Education": "Encoding of categorical levels of feature(s) ['Education'] to value between 0 and 1 based on their relative frequency",
        "61_WoE:Sex:Status5.0": "Weight of Evidence for columns ['Sex', 'Status5'] column #0",
        "75_Freq:Age:CreditLimit:Status1": "Encoding of categorical levels of feature(s) ['Age', 'CreditLimit', 'Status1'] to their counts",
        "15_BillAmt4": "BillAmt4 (original)",
        "0_Freq:Age": "Encoding of categorical levels of feature(s) ['Age'] to value between 0 and 1 based on their relative frequency",
        "77_NumCatTE:BillAmt3:Education:PayAmt3:PayAmt4:PayAmt6:Status1:Status2:Status3:Status4.0": "Out-of-fold mean of the response grouped by: ['BillAmt3', 'Education', 'PayAmt3', 'PayAmt4', 'PayAmt6', 'Status1', 'Status2', 'Status3', 'Status4'] using 5 folds [internal:(20, 5, 20)] (numeric columns are bucketed into 250 equally populated bins) [internal:(20, 5, 20)]",
        "88_CVCatNumEnc:Age:Status1.mean": "Out-of-fold mean of 'Status1' grouped by: ['Age'] using 5 folds [internal:('mean', None)]",
        "16_BillAmt5": "BillAmt5 (original)",
        "82_CVCatNumEnc:Status1:Status4:Status3.sd": "Out-of-fold sd of 'Status3' grouped by: ['Status1', 'Status4'] using 5 folds [internal:('sd', 3)]",
        "59_Freq:CreditLimit:Status1:Status2:Status3": "Encoding of categorical levels of feature(s) ['CreditLimit', 'Status1', 'Status2', 'Status3'] to their counts",
        "84_CVCatNumEnc:Marriage:Sex:CreditLimit.mean": "Out-of-fold mean of 'CreditLimit' grouped by: ['Marriage', 'Sex'] using 5 folds [internal:('mean', 1)]",
        "83_CVCatNumEnc:CreditLimit:Marriage:Sex:Age.max": "Out-of-fold max of 'Age' grouped by: ['CreditLimit', 'Marriage', 'Sex'] using 5 folds [internal:('max', None)]",
        "66_CVCatNumEnc:Age:Status1:Status2:PayAmt4.mean": "Out-of-fold mean of 'PayAmt4' grouped by: ['Age', 'Status1', 'Status2'] using 5 folds [internal:('mean', 1)]",
        "87_CVCatNumEnc:Sex:Status2:Status3:Status4.sd": "Out-of-fold sd of 'Status4' grouped by: ['Sex', 'Status2', 'Status3'] using 5 folds [internal:('sd', 10)]",
        "84_CVCatNumEnc:Marriage:Sex:PayAmt6.mean": "Out-of-fold mean of 'PayAmt6' grouped by: ['Marriage', 'Sex'] using 5 folds [internal:('mean', 1)]",
        "50_InteractionSub:PayAmt6:Status2": "[PayAmt6] - [Status2]",
        "11_Age": "Age (original)",
        "63_InteractionMul:PayAmt2:Status1": "[PayAmt2] * [Status1]",
        "53_InteractionSub:Status1:Status4": "[Status1] - [Status4]",
        "9_Freq:Status5": "Encoding of categorical levels of feature(s) ['Status5'] to value between 0 and 1 based on their relative frequency",
        "92_CVCatNumEnc:Status2:Status4:Status1.mean": "Out-of-fold mean of 'Status1' grouped by: ['Status2', 'Status4'] using 5 folds [internal:('mean', 1)]",
        "82_CVCatNumEnc:Status1:Status4:Status2.sd": "Out-of-fold sd of 'Status2' grouped by: ['Status1', 'Status4'] using 5 folds [internal:('sd', 3)]",
        "49_CVCatNumEnc:Age:Status1:Status2:PayAmt1.mean": "Out-of-fold mean of 'PayAmt1' grouped by: ['Age', 'Status1', 'Status2'] using 5 folds [internal:('mean', 1)]",
        "54_NumToCatWoE:PayAmt5.0": "Weight of Evidence for columns ['PayAmt5'] column #0 (numeric columns are bucketed into 10 equally populated bins)",
        "80_CVCatNumEnc:Age:CreditLimit:Marriage:Sex:Status4.max": "Out-of-fold max of 'Status4' grouped by: ['Age', 'CreditLimit', 'Marriage', 'Sex'] using 5 folds [internal:('max', 3)]",
        "90_InteractionAdd:Status2:Status3": "[Status2] + [Status3]"
    }
}