{
    "Relative Importance": {
        "Status1": 1.0,
        "Status2": 0.9510413568,
        "Status3": 0.4208247167,
        "Sex": 0.1699876283,
        "Education": 0.1473450457,
        "Status5": 0.1394065025,
        "Status4": 0.1344232628,
        "Age": 0.1326153484,
        "CreditLimit": 0.1313485981,
        "Marriage": 0.0651395745,
        "PayAmt6": 0.0615255342,
        "BillAmt1": 0.046881712,
        "BillAmt3": 0.0363395529,
        "Status6": 0.0358680104,
        "PayAmt3": 0.0347334932,
        "PayAmt1": 0.0266068975,
        "PayAmt4": 0.0246312883,
        "PayAmt2": 0.0223619721,
        "BillAmt2": 0.0206427204,
        "BillAmt6": 0.0146032127,
        "BillAmt5": 0.0124822364,
        "PayAmt5": 0.010965848,
        "BillAmt4": 0.0050537857
    },
    "Shift in Relative Importance": {
        "Status1": 0.075284511,
        "Status2": 0.0784217506,
        "Status3": -0.0318020579,
        "Sex": -0.0712420586,
        "Education": 0.0510510943,
        "Status5": 0.0540819367,
        "Status4": -0.0610467342,
        "Age": -0.0007832628,
        "CreditLimit": -0.0153730373,
        "Marriage": -0.0150514366,
        "PayAmt6": -0.0145066538,
        "BillAmt1": -0.0126747672,
        "BillAmt3": -0.0176708666,
        "Status6": 0.0066224055,
        "PayAmt3": -0.0151003546,
        "PayAmt1": -0.0025917516,
        "PayAmt4": -0.0013856569,
        "PayAmt2": 0.0025528113,
        "BillAmt2": 0.0022822739,
        "BillAmt6": -0.0003279137,
        "BillAmt5": -0.0017687311,
        "PayAmt5": -0.0065169915,
        "BillAmt4": -0.002454509
    }
}