{
    "Coefficient": {
        "56_CVTE:Status1:Status2:Status3.0": 19936.12109375,
        "93_NumCatTE:Status1:Status2.0": 16369.359375,
        "78_CVTE:Status1:Status2.0": 14585.6015625,
        "67_CVTE:Education:Status1:Status2:Status5.0": 14520.2099609375,
        "44_CVTE:Status1:Status2.0": 13094.48046875,
        "76_WoE:Status1:Status2.0": 12816.669921875,
        "55_WoE:Sex:Status1:Status2:Status3:Status4.0": 12760.990234375,
        "43_CVTE:Status1:Status2:Status3.0": 6291.7309570312,
        "89_NumToCatWoEMonotonic:Age:Status1:Status3.0": 4302.958984375,
        "22_PayAmt3": 3250.8891601562,
        "12_BillAmt1": 2681.2919921875,
        "21_PayAmt2": 2514.6779785156,
        "20_PayAmt1": 2161.6550292969,
        "23_PayAmt4": 2089.0991210938,
        "39_NumToCatWoEMonotonic:CreditLimit:Status2:Status3.0": 1897.2650146484,
        "13_BillAmt2": 1606.1729736328,
        "81_NumToCatWoEMonotonic:BillAmt3:CreditLimit:Education:Status1.0": 1556.3199462891,
        "38_NumToCatWoE:Age:Status1:Status3.0": 1453.5179443359,
        "91_NumCatTE:Marriage:PayAmt6:Sex.0": 1430.9749755859,
        "31_Status6": 1274.8370361328,
        "24_PayAmt5": 1271.0710449219,
        "62_WoE:Education:Status2:Status3:Status5.0": 1239.4720458984,
        "65_WoE:CreditLimit:Status1:Status2:Status3:Status6.0": 1191.8260498047,
        "41_NumCatTE:CreditLimit:PayAmt1:PayAmt6:Status6.0": 1159.1729736328,
        "49_CVCatNumEnc:Age:Status1:Status2:BillAmt2.mean": 1124.8969726562,
        "79_NumToCatWoE:BillAmt6:Status1:Status2:Status4:Status6.0": 1119.5679931641,
        "83_CVCatNumEnc:CreditLimit:Marriage:Sex:BillAmt1.max": 1060.6560058594,
        "37_InteractionSub:Age:BillAmt5": 1020.0379638672,
        "90_InteractionAdd:CreditLimit:Status2": 989.8289794922,
        "18_CreditLimit": 975.1950073242,
        "86_NumCatTE:CreditLimit:Marriage:Status1:Status2:Status3.0": 947.9738769531,
        "80_CVCatNumEnc:Age:CreditLimit:Marriage:Sex:BillAmt1.max": 920.0169677734,
        "14_BillAmt3": 889.2479858398,
        "80_CVCatNumEnc:Age:CreditLimit:Marriage:Sex:BillAmt3.max": 876.1539916992,
        "88_CVCatNumEnc:Age:CreditLimit.mean": 874.0670166016,
        "87_CVCatNumEnc:Sex:Status2:Status3:Status1.sd": 868.0830078125,
        "47_NumCatTE:BillAmt1:CreditLimit:Education:PayAmt6:Status1:Status2:Status3:Status4:Status5.0": 849.2449951172,
        "49_CVCatNumEnc:Age:Status1:Status2:BillAmt3.mean": 832.9790039062,
        "25_PayAmt6": 821.4370117188,
        "84_CVCatNumEnc:Marriage:Sex:Age.mean": 817.0809936523,
        "17_BillAmt6": 812.4639892578,
        "80_CVCatNumEnc:Age:CreditLimit:Marriage:Sex:PayAmt6.max": 785.5119628906,
        "40_InteractionAdd:PayAmt6:Status1": 782.4949951172,
        "64_NumToCatWoEMonotonic:Status1:Status5.0": 753.1671142578,
        "90_InteractionAdd:CreditLimit:Status3": 739.7459716797,
        "73_NumCatTE:Age:BillAmt1:PayAmt3:PayAmt6:Status1:Status2:Status3.0": 691.3270263672,
        "2_Freq:Education": 675.6857910156,
        "61_WoE:Sex:Status5.0": 674.0969848633,
        "75_Freq:Age:CreditLimit:Status1": 670.9180297852,
        "15_BillAmt4": 668.6251831055,
        "0_Freq:Age": 667.841003418,
        "77_NumCatTE:BillAmt3:Education:PayAmt3:PayAmt4:PayAmt6:Status1:Status2:Status3:Status4.0": 653.0889892578,
        "88_CVCatNumEnc:Age:Status1.mean": 637.7280273438,
        "16_BillAmt5": 631.3850097656,
        "82_CVCatNumEnc:Status1:Status4:Status3.sd": 625.3126831055,
        "59_Freq:CreditLimit:Status1:Status2:Status3": 620.3809814453,
        "84_CVCatNumEnc:Marriage:Sex:CreditLimit.mean": 555.8190917969,
        "83_CVCatNumEnc:CreditLimit:Marriage:Sex:Age.max": 532.8748779297,
        "66_CVCatNumEnc:Age:Status1:Status2:PayAmt4.mean": 516.5767211914,
        "87_CVCatNumEnc:Sex:Status2:Status3:Status4.sd": 516.3950195312,
        "84_CVCatNumEnc:Marriage:Sex:PayAmt6.mean": 516.3330078125,
        "50_InteractionSub:PayAmt6:Status2": 450.3558044434,
        "11_Age": 446.7640991211,
        "63_InteractionMul:PayAmt2:Status1": 443.8520812988,
        "53_InteractionSub:Status1:Status4": 434.8181152344,
        "9_Freq:Status5": 407.5468139648,
        "92_CVCatNumEnc:Status2:Status4:Status1.mean": 385.363494873,
        "82_CVCatNumEnc:Status1:Status4:Status2.sd": 264.974395752,
        "49_CVCatNumEnc:Age:Status1:Status2:PayAmt1.mean": 199.3137054443,
        "54_NumToCatWoE:PayAmt5.0": 179.7308959961,
        "80_CVCatNumEnc:Age:CreditLimit:Marriage:Sex:Status4.max": 174.6902008057,
        "90_InteractionAdd:Status2:Status3": 90.4521026611
    },
    "Shift of Coefficient": {
        "56_CVTE:Status1:Status2:Status3.0": 16178.7412109375,
        "93_NumCatTE:Status1:Status2.0": 15022.7392578125,
        "78_CVTE:Status1:Status2.0": 13438.9619140625,
        "67_CVTE:Education:Status1:Status2:Status5.0": 12948.5,
        "44_CVTE:Status1:Status2.0": 7655.98046875,
        "76_WoE:Status1:Status2.0": 9444.080078125,
        "55_WoE:Sex:Status1:Status2:Status3:Status4.0": 7874.1801757812,
        "43_CVTE:Status1:Status2:Status3.0": 3415.5009765625,
        "89_NumToCatWoEMonotonic:Age:Status1:Status3.0": 3804.8210449219,
        "22_PayAmt3": 2062.7890625,
        "12_BillAmt1": 1875.9350585938,
        "21_PayAmt2": 2015.62890625,
        "20_PayAmt1": 1626.4100341797,
        "23_PayAmt4": 1738.2241210938,
        "39_NumToCatWoEMonotonic:CreditLimit:Status2:Status3.0": 1581.3220214844,
        "13_BillAmt2": 1268.8229980469,
        "81_NumToCatWoEMonotonic:BillAmt3:CreditLimit:Education:Status1.0": 867.5539550781,
        "38_NumToCatWoE:Age:Status1:Status3.0": 1283.3839111328,
        "91_NumCatTE:Marriage:PayAmt6:Sex.0": 1144.2900390625,
        "31_Status6": 1041.4420166016,
        "24_PayAmt5": 897.1900634766,
        "62_WoE:Education:Status2:Status3:Status5.0": 1041.7950439453,
        "65_WoE:CreditLimit:Status1:Status2:Status3:Status6.0": 1021.7600708008,
        "41_NumCatTE:CreditLimit:PayAmt1:PayAmt6:Status6.0": 812.6090087891,
        "49_CVCatNumEnc:Age:Status1:Status2:BillAmt2.mean": 867.5880126953,
        "79_NumToCatWoE:BillAmt6:Status1:Status2:Status4:Status6.0": 922.3850097656,
        "83_CVCatNumEnc:CreditLimit:Marriage:Sex:BillAmt1.max": 684.5780029297,
        "37_InteractionSub:Age:BillAmt5": 740.1419677734,
        "90_InteractionAdd:CreditLimit:Status2": 808.9110107422,
        "18_CreditLimit": 819.2369995117,
        "86_NumCatTE:CreditLimit:Marriage:Status1:Status2:Status3.0": 752.6698608398,
        "80_CVCatNumEnc:Age:CreditLimit:Marriage:Sex:BillAmt1.max": 648.5319824219,
        "14_BillAmt3": 638.4680175781,
        "80_CVCatNumEnc:Age:CreditLimit:Marriage:Sex:BillAmt3.max": 591.2149658203,
        "88_CVCatNumEnc:Age:CreditLimit.mean": 640.8350219727,
        "87_CVCatNumEnc:Sex:Status2:Status3:Status1.sd": 692.1650390625,
        "47_NumCatTE:BillAmt1:CreditLimit:Education:PayAmt6:Status1:Status2:Status3:Status4:Status5.0": 583.125,
        "49_CVCatNumEnc:Age:Status1:Status2:BillAmt3.mean": 524.2149658203,
        "25_PayAmt6": 607.7850341797,
        "84_CVCatNumEnc:Marriage:Sex:Age.mean": 627.2990112305,
        "17_BillAmt6": 526.0570068359,
        "80_CVCatNumEnc:Age:CreditLimit:Marriage:Sex:PayAmt6.max": 467.467956543,
        "40_InteractionAdd:PayAmt6:Status1": 537.783996582,
        "64_NumToCatWoEMonotonic:Status1:Status5.0": 386.8361206055,
        "90_InteractionAdd:CreditLimit:Status3": 631.0659790039,
        "73_NumCatTE:Age:BillAmt1:PayAmt3:PayAmt6:Status1:Status2:Status3.0": 481.4490356445,
        "2_Freq:Education": 497.2287902832,
        "61_WoE:Sex:Status5.0": 472.5719909668,
        "75_Freq:Age:CreditLimit:Status1": 504.4970092773,
        "15_BillAmt4": 425.4461669922,
        "0_Freq:Age": 427.4530029297,
        "77_NumCatTE:BillAmt3:Education:PayAmt3:PayAmt4:PayAmt6:Status1:Status2:Status3:Status4.0": 437.0459899902,
        "88_CVCatNumEnc:Age:Status1.mean": 468.5190429688,
        "16_BillAmt5": 449.7200317383,
        "82_CVCatNumEnc:Status1:Status4:Status3.sd": 449.6506958008,
        "59_Freq:CreditLimit:Status1:Status2:Status3": 415.5889892578,
        "84_CVCatNumEnc:Marriage:Sex:CreditLimit.mean": 313.8460693359,
        "83_CVCatNumEnc:CreditLimit:Marriage:Sex:Age.max": 358.0548706055,
        "66_CVCatNumEnc:Age:Status1:Status2:PayAmt4.mean": 240.8567199707,
        "87_CVCatNumEnc:Sex:Status2:Status3:Status4.sd": 369.616027832,
        "84_CVCatNumEnc:Marriage:Sex:PayAmt6.mean": 310.1370239258,
        "50_InteractionSub:PayAmt6:Status2": 295.7147827148,
        "11_Age": 290.205078125,
        "63_InteractionMul:PayAmt2:Status1": 301.3210754395,
        "53_InteractionSub:Status1:Status4": 285.3361206055,
        "9_Freq:Status5": 247.4138183594,
        "92_CVCatNumEnc:Status2:Status4:Status1.mean": 268.4564819336,
        "82_CVCatNumEnc:Status1:Status4:Status2.sd": 140.9933929443,
        "49_CVCatNumEnc:Age:Status1:Status2:PayAmt1.mean": 135.4355010986,
        "54_NumToCatWoE:PayAmt5.0": -12.6231079102,
        "80_CVCatNumEnc:Age:CreditLimit:Marriage:Sex:Status4.max": 122.7660064697,
        "90_InteractionAdd:Status2:Status3": 2.3090057373
    },
    "Description": {
        "56_CVTE:Status1:Status2:Status3.0": "Out-of-fold mean of the response grouped by: ['Status1', 'Status2', 'Status3'] using 5 folds [internal:(20, 3, 100)]",
        "93_NumCatTE:Status1:Status2.0": "Out-of-fold mean of the response grouped by: ['Status1', 'Status2'] using 5 folds [internal:(100, 3, 10)] (numeric columns are bucketed into 25 equally populated bins) [internal:(100, 3, 10)]",
        "78_CVTE:Status1:Status2.0": "Out-of-fold mean of the response grouped by: ['Status1', 'Status2'] using 5 folds [internal:(100, 10, 100)]",
        "67_CVTE:Education:Status1:Status2:Status5.0": "Out-of-fold mean of the response grouped by: ['Education', 'Status1', 'Status2', 'Status5'] using 5 folds [internal:(10, 5, None)]",
        "44_CVTE:Status1:Status2.0": "Out-of-fold mean of the response grouped by: ['Status1', 'Status2'] using 5 folds [internal:(20, 10, 20)]",
        "76_WoE:Status1:Status2.0": "Weight of Evidence for columns ['Status1', 'Status2'] column #0",
        "55_WoE:Sex:Status1:Status2:Status3:Status4.0": "Weight of Evidence for columns ['Sex', 'Status1', 'Status2', 'Status3', 'Status4'] column #0",
        "43_CVTE:Status1:Status2:Status3.0": "Out-of-fold mean of the response grouped by: ['Status1', 'Status2', 'Status3'] using 5 folds [internal:(20, 1, 100)]",
        "89_NumToCatWoEMonotonic:Age:Status1:Status3.0": "Weight of Evidence for columns ['Age', 'Status1', 'Status3'] column #0 (numeric columns are bucketed into maximum of 250 bins, can be less due to monotonicity constraints)",
        "22_PayAmt3": "PayAmt3 (original)",
        "12_BillAmt1": "BillAmt1 (original)",
        "21_PayAmt2": "PayAmt2 (original)",
        "20_PayAmt1": "PayAmt1 (original)",
        "23_PayAmt4": "PayAmt4 (original)",
        "39_NumToCatWoEMonotonic:CreditLimit:Status2:Status3.0": "Weight of Evidence for columns ['CreditLimit', 'Status2', 'Status3'] column #0 (numeric columns are bucketed into maximum of 250 bins, can be less due to monotonicity constraints)",
        "13_BillAmt2": "BillAmt2 (original)",
        "81_NumToCatWoEMonotonic:BillAmt3:CreditLimit:Education:Status1.0": "Weight of Evidence for columns ['BillAmt3', 'CreditLimit', 'Education', 'Status1'] column #0 (numeric columns are bucketed into maximum of 250 bins, can be less due to monotonicity constraints)",
        "38_NumToCatWoE:Age:Status1:Status3.0": "Weight of Evidence for columns ['Age', 'Status1', 'Status3'] column #0 (numeric columns are bucketed into 250 equally populated bins)",
        "91_NumCatTE:Marriage:PayAmt6:Sex.0": "Out-of-fold mean of the response grouped by: ['Marriage', 'PayAmt6', 'Sex'] using 5 folds [internal:(20, 10, None)] (numeric columns are bucketed into 100 equally populated bins) [internal:(20, 10, None)]",
        "31_Status6": "Status6 (original)",
        "24_PayAmt5": "PayAmt5 (original)",
        "62_WoE:Education:Status2:Status3:Status5.0": "Weight of Evidence for columns ['Education', 'Status2', 'Status3', 'Status5'] column #0",
        "65_WoE:CreditLimit:Status1:Status2:Status3:Status6.0": "Weight of Evidence for columns ['CreditLimit', 'Status1', 'Status2', 'Status3', 'Status6'] column #0",
        "41_NumCatTE:CreditLimit:PayAmt1:PayAmt6:Status6.0": "Out-of-fold mean of the response grouped by: ['CreditLimit', 'PayAmt1', 'PayAmt6', 'Status6'] using 5 folds [internal:(20, 5, 20)] (numeric columns are bucketed into 25 equally populated bins) [internal:(20, 5, 20)]",
        "49_CVCatNumEnc:Age:Status1:Status2:BillAmt2.mean": "Out-of-fold mean of 'BillAmt2' grouped by: ['Age', 'Status1', 'Status2'] using 5 folds [internal:('mean', 1)]",
        "79_NumToCatWoE:BillAmt6:Status1:Status2:Status4:Status6.0": "Weight of Evidence for columns ['BillAmt6', 'Status1', 'Status2', 'Status4', 'Status6'] column #0 (numeric columns are bucketed into 25 equally populated bins)",
        "83_CVCatNumEnc:CreditLimit:Marriage:Sex:BillAmt1.max": "Out-of-fold max of 'BillAmt1' grouped by: ['CreditLimit', 'Marriage', 'Sex'] using 5 folds [internal:('max', None)]",
        "37_InteractionSub:Age:BillAmt5": "[Age] - [BillAmt5]",
        "90_InteractionAdd:CreditLimit:Status2": "[CreditLimit] + [Status2]",
        "18_CreditLimit": "CreditLimit (original)",
        "86_NumCatTE:CreditLimit:Marriage:Status1:Status2:Status3.0": "Out-of-fold mean of the response grouped by: ['CreditLimit', 'Marriage', 'Status1', 'Status2', 'Status3'] using 5 folds [internal:(20, 3, None)] (numeric columns are bucketed into 25 equally populated bins) [internal:(20, 3, None)]",
        "80_CVCatNumEnc:Age:CreditLimit:Marriage:Sex:BillAmt1.max": "Out-of-fold max of 'BillAmt1' grouped by: ['Age', 'CreditLimit', 'Marriage', 'Sex'] using 5 folds [internal:('max', 3)]",
        "14_BillAmt3": "BillAmt3 (original)",
        "80_CVCatNumEnc:Age:CreditLimit:Marriage:Sex:BillAmt3.max": "Out-of-fold max of 'BillAmt3' grouped by: ['Age', 'CreditLimit', 'Marriage', 'Sex'] using 5 folds [internal:('max', 3)]",
        "88_CVCatNumEnc:Age:CreditLimit.mean": "Out-of-fold mean of 'CreditLimit' grouped by: ['Age'] using 5 folds [internal:('mean', None)]",
        "87_CVCatNumEnc:Sex:Status2:Status3:Status1.sd": "Out-of-fold sd of 'Status1' grouped by: ['Sex', 'Status2', 'Status3'] using 5 folds [internal:('sd', 10)]",
        "47_NumCatTE:BillAmt1:CreditLimit:Education:PayAmt6:Status1:Status2:Status3:Status4:Status5.0": "Out-of-fold mean of the response grouped by: ['BillAmt1', 'CreditLimit', 'Education', 'PayAmt6', 'Status1', 'Status2', 'Status3', 'Status4', 'Status5'] using 5 folds [internal:(20, 5, None)] (numeric columns are bucketed into 25 equally populated bins) [internal:(20, 5, None)]",
        "49_CVCatNumEnc:Age:Status1:Status2:BillAmt3.mean": "Out-of-fold mean of 'BillAmt3' grouped by: ['Age', 'Status1', 'Status2'] using 5 folds [internal:('mean', 1)]",
        "25_PayAmt6": "PayAmt6 (original)",
        "84_CVCatNumEnc:Marriage:Sex:Age.mean": "Out-of-fold mean of 'Age' grouped by: ['Marriage', 'Sex'] using 5 folds [internal:('mean', 1)]",
        "17_BillAmt6": "BillAmt6 (original)",
        "80_CVCatNumEnc:Age:CreditLimit:Marriage:Sex:PayAmt6.max": "Out-of-fold max of 'PayAmt6' grouped by: ['Age', 'CreditLimit', 'Marriage', 'Sex'] using 5 folds [internal:('max', 3)]",
        "40_InteractionAdd:PayAmt6:Status1": "[PayAmt6] + [Status1]",
        "64_NumToCatWoEMonotonic:Status1:Status5.0": "Weight of Evidence for columns ['Status1', 'Status5'] column #0 (numeric columns are bucketed into maximum of 25 bins, can be less due to monotonicity constraints)",
        "90_InteractionAdd:CreditLimit:Status3": "[CreditLimit] + [Status3]",
        "73_NumCatTE:Age:BillAmt1:PayAmt3:PayAmt6:Status1:Status2:Status3.0": "Out-of-fold mean of the response grouped by: ['Age', 'BillAmt1', 'PayAmt3', 'PayAmt6', 'Status1', 'Status2', 'Status3'] using 5 folds [internal:(100, 10, 20)] (numeric columns are bucketed into 10 equally populated bins) [internal:(100, 10, 20)]",
        "2_Freq:Education": "Encoding of categorical levels of feature(s) ['Education'] to value between 0 and 1 based on their relative frequency",
        "61_WoE:Sex:Status5.0": "Weight of Evidence for columns ['Sex', 'Status5'] column #0",
        "75_Freq:Age:CreditLimit:Status1": "Encoding of categorical levels of feature(s) ['Age', 'CreditLimit', 'Status1'] to their counts",
        "15_BillAmt4": "BillAmt4 (original)",
        "0_Freq:Age": "Encoding of categorical levels of feature(s) ['Age'] to value between 0 and 1 based on their relative frequency",
        "77_NumCatTE:BillAmt3:Education:PayAmt3:PayAmt4:PayAmt6:Status1:Status2:Status3:Status4.0": "Out-of-fold mean of the response grouped by: ['BillAmt3', 'Education', 'PayAmt3', 'PayAmt4', 'PayAmt6', 'Status1', 'Status2', 'Status3', 'Status4'] using 5 folds [internal:(20, 5, 20)] (numeric columns are bucketed into 250 equally populated bins) [internal:(20, 5, 20)]",
        "88_CVCatNumEnc:Age:Status1.mean": "Out-of-fold mean of 'Status1' grouped by: ['Age'] using 5 folds [internal:('mean', None)]",
        "16_BillAmt5": "BillAmt5 (original)",
        "82_CVCatNumEnc:Status1:Status4:Status3.sd": "Out-of-fold sd of 'Status3' grouped by: ['Status1', 'Status4'] using 5 folds [internal:('sd', 3)]",
        "59_Freq:CreditLimit:Status1:Status2:Status3": "Encoding of categorical levels of feature(s) ['CreditLimit', 'Status1', 'Status2', 'Status3'] to their counts",
        "84_CVCatNumEnc:Marriage:Sex:CreditLimit.mean": "Out-of-fold mean of 'CreditLimit' grouped by: ['Marriage', 'Sex'] using 5 folds [internal:('mean', 1)]",
        "83_CVCatNumEnc:CreditLimit:Marriage:Sex:Age.max": "Out-of-fold max of 'Age' grouped by: ['CreditLimit', 'Marriage', 'Sex'] using 5 folds [internal:('max', None)]",
        "66_CVCatNumEnc:Age:Status1:Status2:PayAmt4.mean": "Out-of-fold mean of 'PayAmt4' grouped by: ['Age', 'Status1', 'Status2'] using 5 folds [internal:('mean', 1)]",
        "87_CVCatNumEnc:Sex:Status2:Status3:Status4.sd": "Out-of-fold sd of 'Status4' grouped by: ['Sex', 'Status2', 'Status3'] using 5 folds [internal:('sd', 10)]",
        "84_CVCatNumEnc:Marriage:Sex:PayAmt6.mean": "Out-of-fold mean of 'PayAmt6' grouped by: ['Marriage', 'Sex'] using 5 folds [internal:('mean', 1)]",
        "50_InteractionSub:PayAmt6:Status2": "[PayAmt6] - [Status2]",
        "11_Age": "Age (original)",
        "63_InteractionMul:PayAmt2:Status1": "[PayAmt2] * [Status1]",
        "53_InteractionSub:Status1:Status4": "[Status1] - [Status4]",
        "9_Freq:Status5": "Encoding of categorical levels of feature(s) ['Status5'] to value between 0 and 1 based on their relative frequency",
        "92_CVCatNumEnc:Status2:Status4:Status1.mean": "Out-of-fold mean of 'Status1' grouped by: ['Status2', 'Status4'] using 5 folds [internal:('mean', 1)]",
        "82_CVCatNumEnc:Status1:Status4:Status2.sd": "Out-of-fold sd of 'Status2' grouped by: ['Status1', 'Status4'] using 5 folds [internal:('sd', 3)]",
        "49_CVCatNumEnc:Age:Status1:Status2:PayAmt1.mean": "Out-of-fold mean of 'PayAmt1' grouped by: ['Age', 'Status1', 'Status2'] using 5 folds [internal:('mean', 1)]",
        "54_NumToCatWoE:PayAmt5.0": "Weight of Evidence for columns ['PayAmt5'] column #0 (numeric columns are bucketed into 10 equally populated bins)",
        "80_CVCatNumEnc:Age:CreditLimit:Marriage:Sex:Status4.max": "Out-of-fold max of 'Status4' grouped by: ['Age', 'CreditLimit', 'Marriage', 'Sex'] using 5 folds [internal:('max', 3)]",
        "90_InteractionAdd:Status2:Status3": "[Status2] + [Status3]"
    }
}