{
    "index": {
        "0": 0,
        "1": 1,
        "2": 2,
        "3": 3
    },
    "Fold": {
        "0": 0,
        "1": 1,
        "2": 2,
        "3": 3
    },
    "Train rows": {
        "0": 17999,
        "1": 17999,
        "2": 17999,
        "3": 18000
    },
    "Validation rows": {
        "0": 6000,
        "1": 6000,
        "2": 6000,
        "3": 5999
    },
    "Validation score": {
        "0": "0.78044 +/- 0.0068624",
        "1": "0.77818 +/- 0.0080093",
        "2": "0.77471 +/- 0.0068512",
        "3": "0.77681 +/- 0.0074098"
    },
    "GINI": {
        "0": "0.56088 +/- 0.013725",
        "1": "0.55635 +/- 0.016018",
        "2": "0.54943 +/- 0.013702",
        "3": "0.55363 +/- 0.01482"
    },
    "MCC": {
        "0": "0.41557 +/- 0.012374",
        "1": "0.42362 +/- 0.013239",
        "2": "0.42425 +/- 0.013988",
        "3": "0.41665 +/- 0.012512"
    },
    "F05": {
        "0": "0.56229 +/- 0.01221",
        "1": "0.57807 +/- 0.013553",
        "2": "0.58211 +/- 0.012799",
        "3": "0.57386 +/- 0.012377"
    },
    "F1": {
        "0": "0.54574 +/- 0.0094885",
        "1": "0.54344 +/- 0.011651",
        "2": "0.55322 +/- 0.010434",
        "3": "0.54552 +/- 0.010036"
    },
    "F2": {
        "0": "0.64121 +/- 0.0069094",
        "1": "0.63862 +/- 0.0082575",
        "2": "0.64537 +/- 0.0080552",
        "3": "0.64471 +/- 0.008699"
    },
    "ACCURACY": {
        "0": "0.81905 +/- 0.005032",
        "1": "0.82416 +/- 0.0049321",
        "2": "0.81568 +/- 0.0056721",
        "3": "0.81575 +/- 0.005127"
    },
    "LOGLOSS": {
        "0": "0.4293 +/- 0.0081837",
        "1": "0.42758 +/- 0.0076176",
        "2": "0.44071 +/- 0.0085574",
        "3": "0.43772 +/- 0.0077785"
    },
    "AUCPR": {
        "0": "0.51835 +/- 0.013199",
        "1": "0.53072 +/- 0.012838",
        "2": "0.53391 +/- 0.012737",
        "3": "0.53641 +/- 0.014048"
    },
    "AUC": {
        "0": "0.78044 +/- 0.0068624",
        "1": "0.77818 +/- 0.0080093",
        "2": "0.77471 +/- 0.0068512",
        "3": "0.77681 +/- 0.0074098"
    }
}