{
    "index": {
        "0": 0
    },
    "Type": {
        "0": "XGBoostModel"
    },
    "Num Folds": {
        "0": 4
    },
    "Model Weight": {
        "0": 1.0
    },
    "booster": {
        "0": "gbtree"
    },
    "max_depth": {
        "0": 0
    },
    "max_leaves": {
        "0": 64
    },
    "subsample": {
        "0": 1
    },
    "colsample_bytree": {
        "0": 0.4
    },
    "tree_method": {
        "0": "gpu_hist"
    },
    "grow_policy": {
        "0": "lossguide"
    },
    "random_state": {
        "0": 104906332
    },
    "learning rate": {
        "0": 0.05
    },
    "Target Transformer": {
        "0": "str"
    },
    "Fitted features": {
        "0": 72
    },
    "Fit iterations [each fold]": {
        "0": [
            123,
            90,
            90,
            84
        ]
    },
    "Fit tree/step count [each fold]": {
        "0": [
            123,
            90,
            90,
            84
        ]
    }
}