{"Age": "float32", "BillAmt1": "float32", "BillAmt2": "float32", "BillAmt3": "float32", "BillAmt4": "float32", "BillAmt5": "float32", "BillAmt6": "float32", "CreditLimit": "float32", "Education": "float32", "Marriage": "object", "PayAmt1": "float32", "PayAmt2": "float32", "PayAmt3": "float32", "PayAmt4": "float32", "PayAmt5": "float32", "PayAmt6": "float32", "Sex": "object", "Status1": "float32", "Status2": "float32", "Status3": "float32", "Status4": "float32", "Status5": "float32", "Status6": "float32", "Default": "int"}