{
    "Relative Importance": {
        "44_CVTE:Status1:Status2.0": 1.0,
        "55_WoE:Sex:Status1:Status2:Status3:Status4.0": 0.8985584378,
        "56_CVTE:Status1:Status2:Status3.0": 0.6908853054,
        "76_WoE:Status1:Status2.0": 0.6201323867,
        "43_CVTE:Status1:Status2:Status3.0": 0.5288645625,
        "67_CVTE:Education:Status1:Status2:Status5.0": 0.2889969647,
        "93_NumCatTE:Status1:Status2.0": 0.2476087213,
        "22_PayAmt3": 0.2184609622,
        "78_CVTE:Status1:Status2.0": 0.210837543,
        "12_BillAmt1": 0.1480844021,
        "81_NumToCatWoEMonotonic:BillAmt3:CreditLimit:Education:Status1.0": 0.1266463101,
        "20_PayAmt1": 0.0984177589,
        "21_PayAmt2": 0.0917622522,
        "89_NumToCatWoEMonotonic:Age:Status1:Status3.0": 0.0915947407,
        "83_CVCatNumEnc:CreditLimit:Marriage:Sex:BillAmt1.max": 0.0691510513,
        "24_PayAmt5": 0.0687470809,
        "64_NumToCatWoEMonotonic:Status1:Status5.0": 0.0673588291,
        "23_PayAmt4": 0.0645168722,
        "41_NumCatTE:CreditLimit:PayAmt1:PayAmt6:Status6.0": 0.06372419,
        "13_BillAmt2": 0.0620299727,
        "80_CVCatNumEnc:Age:CreditLimit:Marriage:Sex:PayAmt6.max": 0.0584800951,
        "39_NumToCatWoEMonotonic:CreditLimit:Status2:Status3.0": 0.0580937751,
        "49_CVCatNumEnc:Age:Status1:Status2:BillAmt3.mean": 0.0567737445,
        "91_NumCatTE:Marriage:PayAmt6:Sex.0": 0.0527139828,
        "17_BillAmt6": 0.0526628681,
        "80_CVCatNumEnc:Age:CreditLimit:Marriage:Sex:BillAmt3.max": 0.0523929372,
        "37_InteractionSub:Age:BillAmt5": 0.0514656603,
        "66_CVCatNumEnc:Age:Status1:Status2:PayAmt4.mean": 0.0506978035,
        "80_CVCatNumEnc:Age:CreditLimit:Marriage:Sex:BillAmt1.max": 0.0499190912,
        "47_NumCatTE:BillAmt1:CreditLimit:Education:PayAmt6:Status1:Status2:Status3:Status4:Status5.0": 0.0489326082,
        "49_CVCatNumEnc:Age:Status1:Status2:BillAmt2.mean": 0.0473124906,
        "14_BillAmt3": 0.0461119786,
        "40_InteractionAdd:PayAmt6:Status1": 0.0449960455,
        "15_BillAmt4": 0.0447143503,
        "84_CVCatNumEnc:Marriage:Sex:CreditLimit.mean": 0.0444925986,
        "0_Freq:Age": 0.044201158,
        "31_Status6": 0.0429153256,
        "88_CVCatNumEnc:Age:CreditLimit.mean": 0.0428853519,
        "77_NumCatTE:BillAmt3:Education:PayAmt3:PayAmt4:PayAmt6:Status1:Status2:Status3:Status4.0": 0.0397247411,
        "25_PayAmt6": 0.0392850973,
        "73_NumCatTE:Age:BillAmt1:PayAmt3:PayAmt6:Status1:Status2:Status3.0": 0.0385911576,
        "84_CVCatNumEnc:Marriage:Sex:PayAmt6.mean": 0.0379141308,
        "59_Freq:CreditLimit:Status1:Status2:Status3": 0.0376559719,
        "61_WoE:Sex:Status5.0": 0.037055254,
        "62_WoE:Education:Status2:Status3:Status5.0": 0.0363477059,
        "79_NumToCatWoE:BillAmt6:Status1:Status2:Status4:Status6.0": 0.0362568721,
        "86_NumCatTE:CreditLimit:Marriage:Status1:Status2:Status3.0": 0.0359113738,
        "54_NumToCatWoE:PayAmt5.0": 0.0353689454,
        "84_CVCatNumEnc:Marriage:Sex:Age.mean": 0.0348960198,
        "16_BillAmt5": 0.0334035121,
        "90_InteractionAdd:CreditLimit:Status2": 0.0332661569,
        "2_Freq:Education": 0.0328136422,
        "87_CVCatNumEnc:Sex:Status2:Status3:Status1.sd": 0.0323467851,
        "82_CVCatNumEnc:Status1:Status4:Status3.sd": 0.032299716,
        "83_CVCatNumEnc:CreditLimit:Marriage:Sex:Age.max": 0.032144893,
        "38_NumToCatWoE:Age:Status1:Status3.0": 0.0312832594,
        "65_WoE:CreditLimit:Status1:Status2:Status3:Status6.0": 0.0312707536,
        "88_CVCatNumEnc:Age:Status1.mean": 0.0311131738,
        "75_Freq:Age:CreditLimit:Status1": 0.0306005348,
        "9_Freq:Status5": 0.0294443313,
        "11_Age": 0.0287871659,
        "18_CreditLimit": 0.0286766551,
        "50_InteractionSub:PayAmt6:Status2": 0.0284344964,
        "53_InteractionSub:Status1:Status4": 0.0274858866,
        "87_CVCatNumEnc:Sex:Status2:Status3:Status4.sd": 0.026988877,
        "63_InteractionMul:PayAmt2:Status1": 0.0262077786,
        "82_CVCatNumEnc:Status1:Status4:Status2.sd": 0.0227969121,
        "92_CVCatNumEnc:Status2:Status4:Status1.mean": 0.0214961842,
        "90_InteractionAdd:CreditLimit:Status3": 0.0199834518,
        "90_InteractionAdd:Status2:Status3": 0.0162072442,
        "49_CVCatNumEnc:Age:Status1:Status2:PayAmt1.mean": 0.0117455553,
        "80_CVCatNumEnc:Age:CreditLimit:Marriage:Sex:Status4.max": 0.0095475223
    },
    "Standard Deviation of Relative Importance": {
        "44_CVTE:Status1:Status2.0": 0.0,
        "55_WoE:Sex:Status1:Status2:Status3:Status4.0": 0.0,
        "56_CVTE:Status1:Status2:Status3.0": 0.0,
        "76_WoE:Status1:Status2.0": 0.0,
        "43_CVTE:Status1:Status2:Status3.0": 0.0,
        "67_CVTE:Education:Status1:Status2:Status5.0": 0.0,
        "93_NumCatTE:Status1:Status2.0": 0.0,
        "22_PayAmt3": 0.0,
        "78_CVTE:Status1:Status2.0": 0.0,
        "12_BillAmt1": 0.0,
        "81_NumToCatWoEMonotonic:BillAmt3:CreditLimit:Education:Status1.0": 0.0,
        "20_PayAmt1": 0.0,
        "21_PayAmt2": 0.0,
        "89_NumToCatWoEMonotonic:Age:Status1:Status3.0": 0.0,
        "83_CVCatNumEnc:CreditLimit:Marriage:Sex:BillAmt1.max": 0.0,
        "24_PayAmt5": 0.0,
        "64_NumToCatWoEMonotonic:Status1:Status5.0": 0.0,
        "23_PayAmt4": 0.0,
        "41_NumCatTE:CreditLimit:PayAmt1:PayAmt6:Status6.0": 0.0,
        "13_BillAmt2": 0.0,
        "80_CVCatNumEnc:Age:CreditLimit:Marriage:Sex:PayAmt6.max": 0.0,
        "39_NumToCatWoEMonotonic:CreditLimit:Status2:Status3.0": 0.0,
        "49_CVCatNumEnc:Age:Status1:Status2:BillAmt3.mean": 0.0,
        "91_NumCatTE:Marriage:PayAmt6:Sex.0": 0.0,
        "17_BillAmt6": 0.0,
        "80_CVCatNumEnc:Age:CreditLimit:Marriage:Sex:BillAmt3.max": 0.0,
        "37_InteractionSub:Age:BillAmt5": 0.0,
        "66_CVCatNumEnc:Age:Status1:Status2:PayAmt4.mean": 0.0,
        "80_CVCatNumEnc:Age:CreditLimit:Marriage:Sex:BillAmt1.max": 0.0,
        "47_NumCatTE:BillAmt1:CreditLimit:Education:PayAmt6:Status1:Status2:Status3:Status4:Status5.0": 0.0,
        "49_CVCatNumEnc:Age:Status1:Status2:BillAmt2.mean": 0.0,
        "14_BillAmt3": 0.0,
        "40_InteractionAdd:PayAmt6:Status1": 0.0,
        "15_BillAmt4": 0.0,
        "84_CVCatNumEnc:Marriage:Sex:CreditLimit.mean": 0.0,
        "0_Freq:Age": 0.0,
        "31_Status6": 0.0,
        "88_CVCatNumEnc:Age:CreditLimit.mean": 0.0,
        "77_NumCatTE:BillAmt3:Education:PayAmt3:PayAmt4:PayAmt6:Status1:Status2:Status3:Status4.0": 0.0,
        "25_PayAmt6": 0.0,
        "73_NumCatTE:Age:BillAmt1:PayAmt3:PayAmt6:Status1:Status2:Status3.0": 0.0,
        "84_CVCatNumEnc:Marriage:Sex:PayAmt6.mean": 0.0,
        "59_Freq:CreditLimit:Status1:Status2:Status3": 0.0,
        "61_WoE:Sex:Status5.0": 0.0,
        "62_WoE:Education:Status2:Status3:Status5.0": 0.0,
        "79_NumToCatWoE:BillAmt6:Status1:Status2:Status4:Status6.0": 0.0,
        "86_NumCatTE:CreditLimit:Marriage:Status1:Status2:Status3.0": 0.0,
        "54_NumToCatWoE:PayAmt5.0": 0.0,
        "84_CVCatNumEnc:Marriage:Sex:Age.mean": 0.0,
        "16_BillAmt5": 0.0,
        "90_InteractionAdd:CreditLimit:Status2": 0.0,
        "2_Freq:Education": 0.0,
        "87_CVCatNumEnc:Sex:Status2:Status3:Status1.sd": 0.0,
        "82_CVCatNumEnc:Status1:Status4:Status3.sd": 0.0,
        "83_CVCatNumEnc:CreditLimit:Marriage:Sex:Age.max": 0.0,
        "38_NumToCatWoE:Age:Status1:Status3.0": 0.0,
        "65_WoE:CreditLimit:Status1:Status2:Status3:Status6.0": 0.0,
        "88_CVCatNumEnc:Age:Status1.mean": 0.0,
        "75_Freq:Age:CreditLimit:Status1": 0.0,
        "9_Freq:Status5": 0.0,
        "11_Age": 0.0,
        "18_CreditLimit": 0.0,
        "50_InteractionSub:PayAmt6:Status2": 0.0,
        "53_InteractionSub:Status1:Status4": 0.0,
        "87_CVCatNumEnc:Sex:Status2:Status3:Status4.sd": 0.0,
        "63_InteractionMul:PayAmt2:Status1": 0.0,
        "82_CVCatNumEnc:Status1:Status4:Status2.sd": 0.0,
        "92_CVCatNumEnc:Status2:Status4:Status1.mean": 0.0,
        "90_InteractionAdd:CreditLimit:Status3": 0.0,
        "90_InteractionAdd:Status2:Status3": 0.0,
        "49_CVCatNumEnc:Age:Status1:Status2:PayAmt1.mean": 0.0,
        "80_CVCatNumEnc:Age:CreditLimit:Marriage:Sex:Status4.max": 0.0
    },
    "Description": {
        "44_CVTE:Status1:Status2.0": "Out-of-fold mean of the response grouped by: ['Status1', 'Status2'] using 5 folds [internal:(20, 10, 20)]",
        "55_WoE:Sex:Status1:Status2:Status3:Status4.0": "Weight of Evidence for columns ['Sex', 'Status1', 'Status2', 'Status3', 'Status4'] column #0",
        "56_CVTE:Status1:Status2:Status3.0": "Out-of-fold mean of the response grouped by: ['Status1', 'Status2', 'Status3'] using 5 folds [internal:(20, 3, 100)]",
        "76_WoE:Status1:Status2.0": "Weight of Evidence for columns ['Status1', 'Status2'] column #0",
        "43_CVTE:Status1:Status2:Status3.0": "Out-of-fold mean of the response grouped by: ['Status1', 'Status2', 'Status3'] using 5 folds [internal:(20, 1, 100)]",
        "67_CVTE:Education:Status1:Status2:Status5.0": "Out-of-fold mean of the response grouped by: ['Education', 'Status1', 'Status2', 'Status5'] using 5 folds [internal:(10, 5, None)]",
        "93_NumCatTE:Status1:Status2.0": "Out-of-fold mean of the response grouped by: ['Status1', 'Status2'] using 5 folds [internal:(100, 3, 10)] (numeric columns are bucketed into 25 equally populated bins) [internal:(100, 3, 10)]",
        "22_PayAmt3": "PayAmt3 (original)",
        "78_CVTE:Status1:Status2.0": "Out-of-fold mean of the response grouped by: ['Status1', 'Status2'] using 5 folds [internal:(100, 10, 100)]",
        "12_BillAmt1": "BillAmt1 (original)",
        "81_NumToCatWoEMonotonic:BillAmt3:CreditLimit:Education:Status1.0": "Weight of Evidence for columns ['BillAmt3', 'CreditLimit', 'Education', 'Status1'] column #0 (numeric columns are bucketed into maximum of 250 bins, can be less due to monotonicity constraints)",
        "20_PayAmt1": "PayAmt1 (original)",
        "21_PayAmt2": "PayAmt2 (original)",
        "89_NumToCatWoEMonotonic:Age:Status1:Status3.0": "Weight of Evidence for columns ['Age', 'Status1', 'Status3'] column #0 (numeric columns are bucketed into maximum of 250 bins, can be less due to monotonicity constraints)",
        "83_CVCatNumEnc:CreditLimit:Marriage:Sex:BillAmt1.max": "Out-of-fold max of 'BillAmt1' grouped by: ['CreditLimit', 'Marriage', 'Sex'] using 5 folds [internal:('max', None)]",
        "24_PayAmt5": "PayAmt5 (original)",
        "64_NumToCatWoEMonotonic:Status1:Status5.0": "Weight of Evidence for columns ['Status1', 'Status5'] column #0 (numeric columns are bucketed into maximum of 25 bins, can be less due to monotonicity constraints)",
        "23_PayAmt4": "PayAmt4 (original)",
        "41_NumCatTE:CreditLimit:PayAmt1:PayAmt6:Status6.0": "Out-of-fold mean of the response grouped by: ['CreditLimit', 'PayAmt1', 'PayAmt6', 'Status6'] using 5 folds [internal:(20, 5, 20)] (numeric columns are bucketed into 25 equally populated bins) [internal:(20, 5, 20)]",
        "13_BillAmt2": "BillAmt2 (original)",
        "80_CVCatNumEnc:Age:CreditLimit:Marriage:Sex:PayAmt6.max": "Out-of-fold max of 'PayAmt6' grouped by: ['Age', 'CreditLimit', 'Marriage', 'Sex'] using 5 folds [internal:('max', 3)]",
        "39_NumToCatWoEMonotonic:CreditLimit:Status2:Status3.0": "Weight of Evidence for columns ['CreditLimit', 'Status2', 'Status3'] column #0 (numeric columns are bucketed into maximum of 250 bins, can be less due to monotonicity constraints)",
        "49_CVCatNumEnc:Age:Status1:Status2:BillAmt3.mean": "Out-of-fold mean of 'BillAmt3' grouped by: ['Age', 'Status1', 'Status2'] using 5 folds [internal:('mean', 1)]",
        "91_NumCatTE:Marriage:PayAmt6:Sex.0": "Out-of-fold mean of the response grouped by: ['Marriage', 'PayAmt6', 'Sex'] using 5 folds [internal:(20, 10, None)] (numeric columns are bucketed into 100 equally populated bins) [internal:(20, 10, None)]",
        "17_BillAmt6": "BillAmt6 (original)",
        "80_CVCatNumEnc:Age:CreditLimit:Marriage:Sex:BillAmt3.max": "Out-of-fold max of 'BillAmt3' grouped by: ['Age', 'CreditLimit', 'Marriage', 'Sex'] using 5 folds [internal:('max', 3)]",
        "37_InteractionSub:Age:BillAmt5": "[Age] - [BillAmt5]",
        "66_CVCatNumEnc:Age:Status1:Status2:PayAmt4.mean": "Out-of-fold mean of 'PayAmt4' grouped by: ['Age', 'Status1', 'Status2'] using 5 folds [internal:('mean', 1)]",
        "80_CVCatNumEnc:Age:CreditLimit:Marriage:Sex:BillAmt1.max": "Out-of-fold max of 'BillAmt1' grouped by: ['Age', 'CreditLimit', 'Marriage', 'Sex'] using 5 folds [internal:('max', 3)]",
        "47_NumCatTE:BillAmt1:CreditLimit:Education:PayAmt6:Status1:Status2:Status3:Status4:Status5.0": "Out-of-fold mean of the response grouped by: ['BillAmt1', 'CreditLimit', 'Education', 'PayAmt6', 'Status1', 'Status2', 'Status3', 'Status4', 'Status5'] using 5 folds [internal:(20, 5, None)] (numeric columns are bucketed into 25 equally populated bins) [internal:(20, 5, None)]",
        "49_CVCatNumEnc:Age:Status1:Status2:BillAmt2.mean": "Out-of-fold mean of 'BillAmt2' grouped by: ['Age', 'Status1', 'Status2'] using 5 folds [internal:('mean', 1)]",
        "14_BillAmt3": "BillAmt3 (original)",
        "40_InteractionAdd:PayAmt6:Status1": "[PayAmt6] + [Status1]",
        "15_BillAmt4": "BillAmt4 (original)",
        "84_CVCatNumEnc:Marriage:Sex:CreditLimit.mean": "Out-of-fold mean of 'CreditLimit' grouped by: ['Marriage', 'Sex'] using 5 folds [internal:('mean', 1)]",
        "0_Freq:Age": "Encoding of categorical levels of feature(s) ['Age'] to value between 0 and 1 based on their relative frequency",
        "31_Status6": "Status6 (original)",
        "88_CVCatNumEnc:Age:CreditLimit.mean": "Out-of-fold mean of 'CreditLimit' grouped by: ['Age'] using 5 folds [internal:('mean', None)]",
        "77_NumCatTE:BillAmt3:Education:PayAmt3:PayAmt4:PayAmt6:Status1:Status2:Status3:Status4.0": "Out-of-fold mean of the response grouped by: ['BillAmt3', 'Education', 'PayAmt3', 'PayAmt4', 'PayAmt6', 'Status1', 'Status2', 'Status3', 'Status4'] using 5 folds [internal:(20, 5, 20)] (numeric columns are bucketed into 250 equally populated bins) [internal:(20, 5, 20)]",
        "25_PayAmt6": "PayAmt6 (original)",
        "73_NumCatTE:Age:BillAmt1:PayAmt3:PayAmt6:Status1:Status2:Status3.0": "Out-of-fold mean of the response grouped by: ['Age', 'BillAmt1', 'PayAmt3', 'PayAmt6', 'Status1', 'Status2', 'Status3'] using 5 folds [internal:(100, 10, 20)] (numeric columns are bucketed into 10 equally populated bins) [internal:(100, 10, 20)]",
        "84_CVCatNumEnc:Marriage:Sex:PayAmt6.mean": "Out-of-fold mean of 'PayAmt6' grouped by: ['Marriage', 'Sex'] using 5 folds [internal:('mean', 1)]",
        "59_Freq:CreditLimit:Status1:Status2:Status3": "Encoding of categorical levels of feature(s) ['CreditLimit', 'Status1', 'Status2', 'Status3'] to their counts",
        "61_WoE:Sex:Status5.0": "Weight of Evidence for columns ['Sex', 'Status5'] column #0",
        "62_WoE:Education:Status2:Status3:Status5.0": "Weight of Evidence for columns ['Education', 'Status2', 'Status3', 'Status5'] column #0",
        "79_NumToCatWoE:BillAmt6:Status1:Status2:Status4:Status6.0": "Weight of Evidence for columns ['BillAmt6', 'Status1', 'Status2', 'Status4', 'Status6'] column #0 (numeric columns are bucketed into 25 equally populated bins)",
        "86_NumCatTE:CreditLimit:Marriage:Status1:Status2:Status3.0": "Out-of-fold mean of the response grouped by: ['CreditLimit', 'Marriage', 'Status1', 'Status2', 'Status3'] using 5 folds [internal:(20, 3, None)] (numeric columns are bucketed into 25 equally populated bins) [internal:(20, 3, None)]",
        "54_NumToCatWoE:PayAmt5.0": "Weight of Evidence for columns ['PayAmt5'] column #0 (numeric columns are bucketed into 10 equally populated bins)",
        "84_CVCatNumEnc:Marriage:Sex:Age.mean": "Out-of-fold mean of 'Age' grouped by: ['Marriage', 'Sex'] using 5 folds [internal:('mean', 1)]",
        "16_BillAmt5": "BillAmt5 (original)",
        "90_InteractionAdd:CreditLimit:Status2": "[CreditLimit] + [Status2]",
        "2_Freq:Education": "Encoding of categorical levels of feature(s) ['Education'] to value between 0 and 1 based on their relative frequency",
        "87_CVCatNumEnc:Sex:Status2:Status3:Status1.sd": "Out-of-fold sd of 'Status1' grouped by: ['Sex', 'Status2', 'Status3'] using 5 folds [internal:('sd', 10)]",
        "82_CVCatNumEnc:Status1:Status4:Status3.sd": "Out-of-fold sd of 'Status3' grouped by: ['Status1', 'Status4'] using 5 folds [internal:('sd', 3)]",
        "83_CVCatNumEnc:CreditLimit:Marriage:Sex:Age.max": "Out-of-fold max of 'Age' grouped by: ['CreditLimit', 'Marriage', 'Sex'] using 5 folds [internal:('max', None)]",
        "38_NumToCatWoE:Age:Status1:Status3.0": "Weight of Evidence for columns ['Age', 'Status1', 'Status3'] column #0 (numeric columns are bucketed into 250 equally populated bins)",
        "65_WoE:CreditLimit:Status1:Status2:Status3:Status6.0": "Weight of Evidence for columns ['CreditLimit', 'Status1', 'Status2', 'Status3', 'Status6'] column #0",
        "88_CVCatNumEnc:Age:Status1.mean": "Out-of-fold mean of 'Status1' grouped by: ['Age'] using 5 folds [internal:('mean', None)]",
        "75_Freq:Age:CreditLimit:Status1": "Encoding of categorical levels of feature(s) ['Age', 'CreditLimit', 'Status1'] to their counts",
        "9_Freq:Status5": "Encoding of categorical levels of feature(s) ['Status5'] to value between 0 and 1 based on their relative frequency",
        "11_Age": "Age (original)",
        "18_CreditLimit": "CreditLimit (original)",
        "50_InteractionSub:PayAmt6:Status2": "[PayAmt6] - [Status2]",
        "53_InteractionSub:Status1:Status4": "[Status1] - [Status4]",
        "87_CVCatNumEnc:Sex:Status2:Status3:Status4.sd": "Out-of-fold sd of 'Status4' grouped by: ['Sex', 'Status2', 'Status3'] using 5 folds [internal:('sd', 10)]",
        "63_InteractionMul:PayAmt2:Status1": "[PayAmt2] * [Status1]",
        "82_CVCatNumEnc:Status1:Status4:Status2.sd": "Out-of-fold sd of 'Status2' grouped by: ['Status1', 'Status4'] using 5 folds [internal:('sd', 3)]",
        "92_CVCatNumEnc:Status2:Status4:Status1.mean": "Out-of-fold mean of 'Status1' grouped by: ['Status2', 'Status4'] using 5 folds [internal:('mean', 1)]",
        "90_InteractionAdd:CreditLimit:Status3": "[CreditLimit] + [Status3]",
        "90_InteractionAdd:Status2:Status3": "[Status2] + [Status3]",
        "49_CVCatNumEnc:Age:Status1:Status2:PayAmt1.mean": "Out-of-fold mean of 'PayAmt1' grouped by: ['Age', 'Status1', 'Status2'] using 5 folds [internal:('mean', 1)]",
        "80_CVCatNumEnc:Age:CreditLimit:Marriage:Sex:Status4.max": "Out-of-fold max of 'Status4' grouped by: ['Age', 'CreditLimit', 'Marriage', 'Sex'] using 5 folds [internal:('max', 3)]"
    }
}