{
    "Relative Importance": {
        "Status1": 1.0,
        "Status2": 0.9431229196,
        "Status3": 0.4899522856,
        "Sex": 0.2633346762,
        "Status4": 0.2111377407,
        "CreditLimit": 0.1612514063,
        "Age": 0.1468604854,
        "Education": 0.1040123173,
        "Status5": 0.0921636891,
        "Marriage": 0.0893880721,
        "PayAmt6": 0.0821264882,
        "BillAmt1": 0.0643301819,
        "BillAmt3": 0.0583395822,
        "PayAmt3": 0.0538282406,
        "Status6": 0.0315897633,
        "PayAmt1": 0.0315390438,
        "PayAmt4": 0.0281023129,
        "PayAmt2": 0.0213969485,
        "BillAmt2": 0.0198321136,
        "PayAmt5": 0.0188841627,
        "BillAmt6": 0.016127919,
        "BillAmt5": 0.0153932427,
        "BillAmt4": 0.0081101161
    },
    "Standard Deviation of Relative Importance": {
        "Status1": 0.0476142447,
        "Status2": 0.0503433176,
        "Status3": 0.0457166531,
        "Sex": 0.0370307402,
        "Status4": 0.0473243792,
        "CreditLimit": 0.0047922378,
        "Age": 0.0037659587,
        "Education": 0.0167415689,
        "Status5": 0.0167185165,
        "Marriage": 0.0037553071,
        "PayAmt6": 0.0018431638,
        "BillAmt1": 0.0072219188,
        "BillAmt3": 0.0057472074,
        "PayAmt3": 0.0153309119,
        "Status6": 0.002242344,
        "PayAmt1": 0.0064601748,
        "PayAmt4": 0.001839798,
        "PayAmt2": 0.0059450086,
        "BillAmt2": 0.0013347,
        "PayAmt5": 0.0030269986,
        "BillAmt6": 0.0014878281,
        "BillAmt5": 0.0016380213,
        "BillAmt4": 0.0
    }
}