{"self": {"_identity": [153], "_config": {"authkey": {}, "semprefix": "/mp"}, "_parent_pid": 2397, "_popen": null, "_target": {}, "_args": [{"_maxsize": 2, "_reader": {"_handle": 15, "_readable": true, "_writable": false}, "_writer": {"_handle": 16, "_readable": false, "_writable": true}, "_rlock": {"_semlock": "\"COULDNOTENCODE:<_multiprocessing.SemLock object at 0x7efe41693308>\"", "acquire": "\"COULDNOTENCODE:<built-in method acquire of _multiprocessing.SemLock object at 0x7efe41693308>\"", "release": "\"COULDNOTENCODE:<built-in method release of _multiprocessing.SemLock object at 0x7efe41693308>\""}, "_opid": 2397, "_wlock": {"_semlock": "\"COULDNOTENCODE:<_multiprocessing.SemLock object at 0x7efe41adac00>\"", "acquire": "\"COULDNOTENCODE:<built-in method acquire of _multiprocessing.SemLock object at 0x7efe41adac00>\"", "release": "\"COULDNOTENCODE:<built-in method release of _multiprocessing.SemLock object at 0x7efe41adac00>\""}, "_sem": {"_semlock": "\"COULDNOTENCODE:<_multiprocessing.SemLock object at 0x7efe41b53c70>\"", "acquire": "\"COULDNOTENCODE:<built-in method acquire of _multiprocessing.SemLock object at 0x7efe41b53c70>\"", "release": "\"COULDNOTENCODE:<built-in method release of _multiprocessing.SemLock object at 0x7efe41b53c70>\""}, "_ignore_epipe": true, "_notempty": {"_lock": "\"COULDNOTENCODE:<unlocked _thread.lock object at 0x7efeb3172558>\"", "acquire": "\"COULDNOTENCODE:<built-in method acquire of _thread.lock object at 0x7efeb3172558>\"", "release": "\"COULDNOTENCODE:<built-in method release of _thread.lock object at 0x7efeb3172558>\"", "_waiters": "\"COULDNOTENCODE:deque([])\""}, "_buffer": "\"COULDNOTENCODE:deque([])\"", "_thread": null, "_jointhread": null, "_joincancelled": false, "_closed": false, "_close": null, "_send_bytes": {}, "_recv_bytes": {}, "_poll": {}}, {"_reader": {"_handle": 17, "_readable": true, "_writable": false}, "_writer": {"_handle": 18, "_readable": false, "_writable": true}, "_rlock": {"_semlock": "\"COULDNOTENCODE:<_multiprocessing.SemLock object at 0x7efe41d25458>\"", "acquire": "\"COULDNOTENCODE:<built-in method acquire of _multiprocessing.SemLock object at 0x7efe41d25458>\"", "release": "\"COULDNOTENCODE:<built-in method release of _multiprocessing.SemLock object at 0x7efe41d25458>\""}, "_poll": {}, "_wlock": {"_semlock": "\"COULDNOTENCODE:<_multiprocessing.SemLock object at 0x7efe41d25490>\"", "acquire": "\"COULDNOTENCODE:<built-in method acquire of _multiprocessing.SemLock object at 0x7efe41d25490>\"", "release": "\"COULDNOTENCODE:<built-in method release of _multiprocessing.SemLock object at 0x7efe41d25490>\""}}], "_kwargs": {}, "_name": "Process-153"}, "valid_threshold": 0.26438165988240925, "validation": "internal", "AUC": {"valid_score": 0.7775358963581029, "valid_sd": 0.007283188761145853, "maximize": true}}