{"Data preparation": {"length": 3.647231101989746, "models": 0, "expected_models": 0}, "Model and feature tuning": {"length": 176.25687074661255, "models": 27, "expected_models": 32}, "Feature evolution": {"length": 243.11684322357178, "models": 40, "expected_models": 204}, "Final pipeline training": {"length": 360.8928201198578, "models": 4, "expected_models": 4}, "Python scorer building": {"length": 36.361239433288574, "models": 0, "expected_models": 0}, "Mojo scorer building": {"length": 2.6226043701171875e-06, "models": 0, "expected_models": 0}}