{
    "job order": {
        "0": 18,
        "1": 15,
        "2": 23,
        "3": 14,
        "4": 11,
        "5": 12,
        "6": 24,
        "7": 21,
        "8": 20,
        "9": 25,
        "10": 17,
        "11": 22,
        "12": 16,
        "13": 13,
        "14": 8,
        "15": 4,
        "16": 6,
        "17": 2,
        "18": 10,
        "19": 19,
        "20": 5,
        "21": 7,
        "22": 1,
        "23": 3,
        "24": 0,
        "25": 9
    },
    "job status": {
        "0": "PASSED",
        "1": "PASSED",
        "2": "PASSED",
        "3": "PASSED",
        "4": "PASSED",
        "5": "PASSED",
        "6": "PASSED",
        "7": "PASSED",
        "8": "PASSED",
        "9": "PASSED",
        "10": "PASSED",
        "11": "PASSED",
        "12": "PASSED",
        "13": "PASSED",
        "14": "PASSED",
        "15": "PASSED",
        "16": "PASSED",
        "17": "PASSED",
        "18": "PASSED",
        "19": "PASSED",
        "20": "PASSED",
        "21": "PASSED",
        "22": "PASSED",
        "23": "PASSED",
        "24": "PASSED",
        "25": "PASSED"
    },
    "booster": {
        "0": "gbtree",
        "1": "gbtree",
        "2": "lightgbm",
        "3": "gbtree",
        "4": "lightgbm",
        "5": "lightgbm",
        "6": "gbtree",
        "7": "lightgbm",
        "8": "lightgbm",
        "9": "gbtree",
        "10": "gbtree",
        "11": "lightgbm",
        "12": "gbtree",
        "13": "lightgbm",
        "14": "lightgbm",
        "15": "lightgbm",
        "16": "lightgbm",
        "17": "lightgbm",
        "18": "lightgbm",
        "19": "lightgbm",
        "20": "lightgbm",
        "21": "lightgbm",
        "22": "lightgbm",
        "23": "lightgbm",
        "24": "gbtree",
        "25": "gblinear"
    },
    "boosting_type": {
        "0": "gbdt",
        "1": "gbdt",
        "2": "gbdt",
        "3": "gbdt",
        "4": "dart",
        "5": "gbdt",
        "6": "gbdt",
        "7": "gbdt",
        "8": "gbdt",
        "9": "gbdt",
        "10": "gbdt",
        "11": "dart",
        "12": "gbdt",
        "13": "gbdt",
        "14": "gbdt",
        "15": "gbdt",
        "16": "gbdt",
        "17": "gbdt",
        "18": "gbdt",
        "19": "gbdt",
        "20": "gbdt",
        "21": "gbdt",
        "22": "gbdt",
        "23": "gbdt",
        "24": "gbdt",
        "25": ""
    },
    "colsample_bytree": {
        "0": 0.3,
        "1": 0.7,
        "2": 0.55,
        "3": 0.35,
        "4": 0.35,
        "5": 0.6,
        "6": 0.4,
        "7": 0.55,
        "8": 0.65,
        "9": 0.6,
        "10": 0.65,
        "11": 0.4,
        "12": 0.3,
        "13": 0.4,
        "14": 0.2,
        "15": 0.2,
        "16": 0.2,
        "17": 0.2,
        "18": 0.55,
        "19": 0.2,
        "20": 0.2,
        "21": 0.2,
        "22": 0.2,
        "23": 0.2,
        "24": 0.9,
        "25": ""
    },
    "coordinate_selection": {
        "0": "",
        "1": "",
        "2": "",
        "3": "",
        "4": "",
        "5": "",
        "6": "",
        "7": "",
        "8": "",
        "9": "",
        "10": "",
        "11": "",
        "12": "",
        "13": "",
        "14": "",
        "15": "",
        "16": "",
        "17": "",
        "18": "",
        "19": "",
        "20": "",
        "21": "",
        "22": "",
        "23": "",
        "24": "",
        "25": "cyclic"
    },
    "debug_verbose": {
        "0": 0,
        "1": 0,
        "2": 0,
        "3": 0,
        "4": 0,
        "5": 0,
        "6": 0,
        "7": 0,
        "8": 0,
        "9": 0,
        "10": 0,
        "11": 0,
        "12": 0,
        "13": 0,
        "14": 0,
        "15": 0,
        "16": 0,
        "17": 0,
        "18": 0,
        "19": 0,
        "20": 0,
        "21": 0,
        "22": 0,
        "23": 0,
        "24": 0,
        "25": ""
    },
    "early_stopping_rounds": {
        "0": 10,
        "1": 10,
        "2": 10,
        "3": 10,
        "4": 10,
        "5": 10,
        "6": 10,
        "7": 10,
        "8": 10,
        "9": 10,
        "10": 10,
        "11": 10,
        "12": 10,
        "13": 10,
        "14": 10,
        "15": 10,
        "16": 10,
        "17": 10,
        "18": 10,
        "19": 10,
        "20": 10,
        "21": 10,
        "22": 10,
        "23": 10,
        "24": 10,
        "25": ""
    },
    "early_stopping_threshold": {
        "0": 0.0001,
        "1": 0.0001,
        "2": 0.0001,
        "3": 0.0001,
        "4": 0.0001,
        "5": 0.0001,
        "6": 0.0001,
        "7": 0.0001,
        "8": 0.0001,
        "9": 0.0001,
        "10": 0.0001,
        "11": 0.0001,
        "12": 0.0001,
        "13": 0.0001,
        "14": 0.0001,
        "15": 0.0001,
        "16": 0.0001,
        "17": 0.0001,
        "18": 0.0001,
        "19": 0.0001,
        "20": 0.0001,
        "21": 0.0001,
        "22": 0.0001,
        "23": 0.0001,
        "24": 1e-05,
        "25": ""
    },
    "eval_metric": {
        "0": "logloss",
        "1": "logloss",
        "2": "binary",
        "3": "logloss",
        "4": "binary",
        "5": "binary",
        "6": "logloss",
        "7": "binary",
        "8": "binary",
        "9": "auc",
        "10": "logloss",
        "11": "binary",
        "12": "logloss",
        "13": "binary",
        "14": "auc",
        "15": "auc",
        "16": "auc",
        "17": "auc",
        "18": "auc",
        "19": "auc",
        "20": "auc",
        "21": "auc",
        "22": "auc",
        "23": "auc",
        "24": "logloss",
        "25": "auc"
    },
    "gamma": {
        "0": 0,
        "1": 0,
        "2": 0.001,
        "3": 0.001,
        "4": 0,
        "5": 0.001,
        "6": 0.001,
        "7": 0,
        "8": 0,
        "9": 0,
        "10": 0.001,
        "11": 0,
        "12": 0,
        "13": 0,
        "14": 0.001,
        "15": 0.001,
        "16": 0.001,
        "17": 0.001,
        "18": 0,
        "19": 0.001,
        "20": 0.001,
        "21": 0.001,
        "22": 0.001,
        "23": 0.001,
        "24": 0.1,
        "25": ""
    },
    "gpu_id": {
        "0": 0,
        "1": 0,
        "2": 0,
        "3": 0,
        "4": 0,
        "5": 0,
        "6": 0,
        "7": 0,
        "8": 0,
        "9": 0,
        "10": 0,
        "11": 0,
        "12": 0,
        "13": 0,
        "14": 0,
        "15": 0,
        "16": 0,
        "17": 0,
        "18": 0,
        "19": 0,
        "20": 0,
        "21": 0,
        "22": 0,
        "23": 0,
        "24": 0,
        "25": ""
    },
    "grow_policy": {
        "0": "lossguide",
        "1": "depthwise",
        "2": "lossguide",
        "3": "lossguide",
        "4": "lossguide",
        "5": "lossguide",
        "6": "lossguide",
        "7": "lossguide",
        "8": "depthwise",
        "9": "lossguide",
        "10": "depthwise",
        "11": "lossguide",
        "12": "lossguide",
        "13": "depthwise",
        "14": "depthwise",
        "15": "depthwise",
        "16": "depthwise",
        "17": "depthwise",
        "18": "lossguide",
        "19": "depthwise",
        "20": "depthwise",
        "21": "depthwise",
        "22": "depthwise",
        "23": "depthwise",
        "24": "depthwise",
        "25": ""
    },
    "learning_rate": {
        "0": 0.05,
        "1": 0.05,
        "2": 0.05,
        "3": 0.05,
        "4": 0.1,
        "5": 0.05,
        "6": 0.1,
        "7": 0.05,
        "8": 0.05,
        "9": 0.05,
        "10": 0.1,
        "11": 0.1,
        "12": 0.1,
        "13": 0.05,
        "14": 0.1,
        "15": 0.1,
        "16": 0.1,
        "17": 0.1,
        "18": 0.1,
        "19": 0.1,
        "20": 0.1,
        "21": 0.1,
        "22": 0.1,
        "23": 0.1,
        "24": 0.05,
        "25": 0.5
    },
    "max_bin": {
        "0": 256,
        "1": 256,
        "2": 256,
        "3": 256,
        "4": 256,
        "5": 256,
        "6": 256,
        "7": 256,
        "8": 256,
        "9": 256,
        "10": 32,
        "11": 256,
        "12": 256,
        "13": 256,
        "14": 256,
        "15": 256,
        "16": 256,
        "17": 256,
        "18": 256,
        "19": 32,
        "20": 256,
        "21": 256,
        "22": 256,
        "23": 256,
        "24": 64,
        "25": ""
    },
    "max_delta_step": {
        "0": 3.5212886209,
        "1": 1.7606443105,
        "2": 3.5212886209,
        "3": 3.5212886209,
        "4": 3.5212886209,
        "5": 1.7606443105,
        "6": 1.7606443105,
        "7": 1.7606443105,
        "8": 1.7606443105,
        "9": 3.5212886209,
        "10": 0.0,
        "11": 0.0,
        "12": 1.7606443105,
        "13": 0.0,
        "14": 0.0,
        "15": 0.0,
        "16": 0.0,
        "17": 0.0,
        "18": 1.7606443105,
        "19": 0.0,
        "20": 0.0,
        "21": 0.0,
        "22": 0.0,
        "23": 0.0,
        "24": 0.0,
        "25": ""
    },
    "max_depth": {
        "0": 0.0,
        "1": 4.0,
        "2": 0.0,
        "3": 0.0,
        "4": 0.0,
        "5": 0.0,
        "6": 0.0,
        "7": 0.0,
        "8": 5.0,
        "9": 0.0,
        "10": 9.0,
        "11": 0.0,
        "12": 0.0,
        "13": 3.0,
        "14": 6.0,
        "15": 6.0,
        "16": 6.0,
        "17": 6.0,
        "18": 0.0,
        "19": 9.0,
        "20": 10.0,
        "21": 10.0,
        "22": 10.0,
        "23": 10.0,
        "24": 9.0,
        "25": 0.0
    },
    "max_drop": {
        "0": "",
        "1": "",
        "2": 100,
        "3": "",
        "4": 50,
        "5": 100,
        "6": "",
        "7": 100,
        "8": 200,
        "9": "",
        "10": "",
        "11": 200,
        "12": "",
        "13": 50,
        "14": 200,
        "15": 200,
        "16": 200,
        "17": 200,
        "18": 200,
        "19": 200,
        "20": 200,
        "21": 200,
        "22": 200,
        "23": 200,
        "24": "",
        "25": ""
    },
    "max_leaves": {
        "0": 64.0,
        "1": 0.0,
        "2": 8.0,
        "3": 64.0,
        "4": 8.0,
        "5": 128.0,
        "6": 8.0,
        "7": 8.0,
        "8": 0.0,
        "9": 16.0,
        "10": 0.0,
        "11": 64.0,
        "12": 32.0,
        "13": 0.0,
        "14": 0.0,
        "15": 0.0,
        "16": 0.0,
        "17": 0.0,
        "18": 256.0,
        "19": 0.0,
        "20": 0.0,
        "21": 0.0,
        "22": 0.0,
        "23": 0.0,
        "24": 0.0,
        "25": 0.0
    },
    "min_child_samples": {
        "0": 1,
        "1": 1,
        "2": 200,
        "3": 1,
        "4": 50,
        "5": 1,
        "6": 1,
        "7": 200,
        "8": 25,
        "9": 1,
        "10": 1,
        "11": 300,
        "12": 1,
        "13": 25,
        "14": 1,
        "15": 1,
        "16": 1,
        "17": 1,
        "18": 10,
        "19": 1,
        "20": 1,
        "21": 1,
        "22": 1,
        "23": 1,
        "24": 1,
        "25": ""
    },
    "min_child_weight": {
        "0": 1,
        "1": 1,
        "2": 1,
        "3": 1,
        "4": 1,
        "5": 1,
        "6": 1,
        "7": 1,
        "8": 1,
        "9": 1,
        "10": 1,
        "11": 1,
        "12": 1,
        "13": 1,
        "14": 1,
        "15": 1,
        "16": 1,
        "17": 1,
        "18": 1,
        "19": 1,
        "20": 1,
        "21": 1,
        "22": 1,
        "23": 1,
        "24": 1,
        "25": ""
    },
    "min_data_in_bin": {
        "0": 1,
        "1": 1,
        "2": 5,
        "3": 1,
        "4": 5,
        "5": 3,
        "6": 1,
        "7": 10,
        "8": 1,
        "9": 1,
        "10": 1,
        "11": 5,
        "12": 1,
        "13": 1,
        "14": 1,
        "15": 1,
        "16": 1,
        "17": 1,
        "18": 10,
        "19": 1,
        "20": 1,
        "21": 1,
        "22": 1,
        "23": 1,
        "24": 1,
        "25": ""
    },
    "min_lambda_fraction": {
        "0": "",
        "1": "",
        "2": "",
        "3": "",
        "4": "",
        "5": "",
        "6": "",
        "7": "",
        "8": "",
        "9": "",
        "10": "",
        "11": "",
        "12": "",
        "13": "",
        "14": "",
        "15": "",
        "16": "",
        "17": "",
        "18": "",
        "19": "",
        "20": "",
        "21": "",
        "22": "",
        "23": "",
        "24": "",
        "25": 0.0001
    },
    "model_origin": {
        "0": "RANDOM",
        "1": "RANDOM",
        "2": "RANDOM",
        "3": "RANDOM",
        "4": "RANDOM",
        "5": "RANDOM",
        "6": "SEQUENCE",
        "7": "RANDOM",
        "8": "RANDOM",
        "9": "RANDOM",
        "10": "RANDOM",
        "11": "RANDOM",
        "12": "RANDOM",
        "13": "RANDOM",
        "14": "DefaultIndiv: do_te:True,interp:8,depth:6,num_as_cat:False",
        "15": "DefaultIndiv: do_te:False,interp:8,depth:6,num_as_cat:False",
        "16": "DefaultIndiv: do_te:True,interp:11,depth:6,num_as_cat:False",
        "17": "DefaultIndiv: do_te:False,interp:11,depth:6,num_as_cat:False",
        "18": "RANDOM",
        "19": "SEQUENCE",
        "20": "DefaultIndiv: do_te:True,interp:11,depth:10,num_as_cat:False",
        "21": "DefaultIndiv: do_te:True,interp:8,depth:10,num_as_cat:False",
        "22": "DefaultIndiv: do_te:False,interp:11,depth:10,num_as_cat:False",
        "23": "DefaultIndiv: do_te:False,interp:8,depth:10,num_as_cat:False",
        "24": "BRAIN_1",
        "25": "GLM_OHE"
    },
    "monotonicity_constraints": {
        "0": true,
        "1": true,
        "2": true,
        "3": true,
        "4": true,
        "5": true,
        "6": true,
        "7": true,
        "8": true,
        "9": true,
        "10": true,
        "11": true,
        "12": true,
        "13": true,
        "14": true,
        "15": true,
        "16": true,
        "17": true,
        "18": true,
        "19": true,
        "20": true,
        "21": true,
        "22": true,
        "23": true,
        "24": true,
        "25": ""
    },
    "n_estimators": {
        "0": 600,
        "1": 600,
        "2": 600,
        "3": 600,
        "4": 600,
        "5": 600,
        "6": 600,
        "7": 600,
        "8": 600,
        "9": 600,
        "10": 600,
        "11": 600,
        "12": 600,
        "13": 600,
        "14": 600,
        "15": 600,
        "16": 600,
        "17": 600,
        "18": 600,
        "19": 600,
        "20": 600,
        "21": 600,
        "22": 600,
        "23": 600,
        "24": 1,
        "25": ""
    },
    "n_gpus": {
        "0": 1,
        "1": 1,
        "2": 1,
        "3": 1,
        "4": 1,
        "5": 1,
        "6": 1,
        "7": 1,
        "8": 1,
        "9": 1,
        "10": 1,
        "11": 1,
        "12": 1,
        "13": 1,
        "14": 1,
        "15": 1,
        "16": 1,
        "17": 1,
        "18": 1,
        "19": 1,
        "20": 1,
        "21": 1,
        "22": 1,
        "23": 1,
        "24": 1,
        "25": ""
    },
    "n_lambda": {
        "0": "",
        "1": "",
        "2": "",
        "3": "",
        "4": "",
        "5": "",
        "6": "",
        "7": "",
        "8": "",
        "9": "",
        "10": "",
        "11": "",
        "12": "",
        "13": "",
        "14": "",
        "15": "",
        "16": "",
        "17": "",
        "18": "",
        "19": "",
        "20": "",
        "21": "",
        "22": "",
        "23": "",
        "24": "",
        "25": 20
    },
    "num_classes": {
        "0": 2,
        "1": 2,
        "2": 2,
        "3": 2,
        "4": 2,
        "5": 2,
        "6": 2,
        "7": 2,
        "8": 2,
        "9": 2,
        "10": 2,
        "11": 2,
        "12": 2,
        "13": 2,
        "14": 2,
        "15": 2,
        "16": 2,
        "17": 2,
        "18": 2,
        "19": 2,
        "20": 2,
        "21": 2,
        "22": 2,
        "23": 2,
        "24": 2,
        "25": ""
    },
    "objective": {
        "0": "binary:logistic",
        "1": "binary:logistic",
        "2": "binary",
        "3": "binary:logistic",
        "4": "binary",
        "5": "binary",
        "6": "binary:logistic",
        "7": "binary",
        "8": "binary",
        "9": "binary:logistic",
        "10": "binary:logistic",
        "11": "binary",
        "12": "binary:logistic",
        "13": "binary",
        "14": "binary",
        "15": "binary",
        "16": "binary",
        "17": "binary",
        "18": "binary",
        "19": "binary",
        "20": "binary",
        "21": "binary",
        "22": "binary",
        "23": "binary",
        "24": "binary:logistic",
        "25": "binary:logistic"
    },
    "random_state": {
        "0": 104906332,
        "1": 104906332,
        "2": 104906332,
        "3": 104906332,
        "4": 104906332,
        "5": 104906332,
        "6": 104906332,
        "7": 104906332,
        "8": 104906332,
        "9": 104906332,
        "10": 104906332,
        "11": 104906332,
        "12": 104906332,
        "13": 104906332,
        "14": 104906332,
        "15": 104906332,
        "16": 104906332,
        "17": 104906332,
        "18": 104906332,
        "19": 104906332,
        "20": 104906332,
        "21": 104906332,
        "22": 104906332,
        "23": 104906332,
        "24": 384834949,
        "25": ""
    },
    "rate_drop": {
        "0": "",
        "1": "",
        "2": 0.05,
        "3": "",
        "4": 0.05,
        "5": 0.05,
        "6": "",
        "7": 0.01,
        "8": 0.01,
        "9": "",
        "10": "",
        "11": 0.01,
        "12": "",
        "13": 0.2,
        "14": 0.2,
        "15": 0.2,
        "16": 0.2,
        "17": 0.2,
        "18": 0.1,
        "19": 0.2,
        "20": 0.2,
        "21": 0.2,
        "22": 0.2,
        "23": 0.2,
        "24": "",
        "25": ""
    },
    "reg_alpha": {
        "0": 0.0,
        "1": 0.0,
        "2": 0.0,
        "3": 0.0,
        "4": 0.0,
        "5": 0.0,
        "6": 0.0,
        "7": 0.0,
        "8": 0.0,
        "9": 0.0,
        "10": 0.0,
        "11": 0.0,
        "12": 0.0,
        "13": 0.0,
        "14": 0.0,
        "15": 0.0,
        "16": 0.0,
        "17": 0.0,
        "18": 0.0,
        "19": 0.0,
        "20": 0.0,
        "21": 0.0,
        "22": 0.0,
        "23": 0.0,
        "24": 0.0,
        "25": 0.025
    },
    "reg_lambda": {
        "0": 10.0,
        "1": 0.5,
        "2": 0.5,
        "3": 5.0,
        "4": 10.0,
        "5": 2.0,
        "6": 0.5,
        "7": 5.0,
        "8": 10.0,
        "9": 0.1,
        "10": 1.0,
        "11": 5.0,
        "12": 5.0,
        "13": 5.0,
        "14": 5.0,
        "15": 5.0,
        "16": 5.0,
        "17": 5.0,
        "18": 10.0,
        "19": 5.0,
        "20": 5.0,
        "21": 5.0,
        "22": 5.0,
        "23": 5.0,
        "24": 0.5,
        "25": 0.05
    },
    "scale_pos_weight": {
        "0": 1.0,
        "1": 1.0,
        "2": 1.0,
        "3": 1.0,
        "4": 1.0,
        "5": 1.0,
        "6": 1.0,
        "7": 1.0,
        "8": 1.0,
        "9": 1.0,
        "10": 1.0,
        "11": 1.0,
        "12": 1.0,
        "13": 1.0,
        "14": 1.0,
        "15": 1.0,
        "16": 1.0,
        "17": 1.0,
        "18": 1.0,
        "19": 1.0,
        "20": 1.0,
        "21": 1.0,
        "22": 1.0,
        "23": 1.0,
        "24": 1.0,
        "25": ""
    },
    "score_f_name": {
        "0": "AUC",
        "1": "AUC",
        "2": "AUC",
        "3": "AUC",
        "4": "AUC",
        "5": "AUC",
        "6": "AUC",
        "7": "AUC",
        "8": "AUC",
        "9": "AUC",
        "10": "AUC",
        "11": "AUC",
        "12": "AUC",
        "13": "AUC",
        "14": "AUC",
        "15": "AUC",
        "16": "AUC",
        "17": "AUC",
        "18": "AUC",
        "19": "AUC",
        "20": "AUC",
        "21": "AUC",
        "22": "AUC",
        "23": "AUC",
        "24": "AUC",
        "25": ""
    },
    "silent": {
        "0": true,
        "1": true,
        "2": true,
        "3": true,
        "4": true,
        "5": true,
        "6": true,
        "7": true,
        "8": true,
        "9": true,
        "10": true,
        "11": true,
        "12": true,
        "13": true,
        "14": true,
        "15": true,
        "16": true,
        "17": true,
        "18": true,
        "19": true,
        "20": true,
        "21": true,
        "22": true,
        "23": true,
        "24": true,
        "25": ""
    },
    "skip_drop": {
        "0": "",
        "1": "",
        "2": 0.5,
        "3": "",
        "4": 0.4,
        "5": 0.6,
        "6": "",
        "7": 0.6,
        "8": 0.5,
        "9": "",
        "10": "",
        "11": 0.6,
        "12": "",
        "13": 0.6,
        "14": 0.6,
        "15": 0.6,
        "16": 0.6,
        "17": 0.6,
        "18": 0.6,
        "19": 0.6,
        "20": 0.6,
        "21": 0.6,
        "22": 0.6,
        "23": 0.6,
        "24": "",
        "25": ""
    },
    "subsample": {
        "0": 1,
        "1": 1,
        "2": 0.9,
        "3": 0.9,
        "4": 1,
        "5": 0.6,
        "6": 1,
        "7": 0.9,
        "8": 0.7,
        "9": 0.8,
        "10": 0.8,
        "11": 0.5,
        "12": 0.6,
        "13": 0.8,
        "14": 0.8,
        "15": 0.8,
        "16": 0.8,
        "17": 0.8,
        "18": 0.5,
        "19": 0.8,
        "20": 0.8,
        "21": 0.8,
        "22": 0.8,
        "23": 0.8,
        "24": 1,
        "25": ""
    },
    "subsample_freq": {
        "0": "",
        "1": "",
        "2": 10,
        "3": "",
        "4": 1,
        "5": 10,
        "6": "",
        "7": 5,
        "8": 10,
        "9": "",
        "10": "",
        "11": 5,
        "12": "",
        "13": 20,
        "14": 20,
        "15": 20,
        "16": 20,
        "17": 20,
        "18": 1,
        "19": 20,
        "20": 20,
        "21": 20,
        "22": 20,
        "23": 20,
        "24": "",
        "25": ""
    },
    "tolerance": {
        "0": "",
        "1": "",
        "2": "",
        "3": "",
        "4": "",
        "5": "",
        "6": "",
        "7": "",
        "8": "",
        "9": "",
        "10": "",
        "11": "",
        "12": "",
        "13": "",
        "14": "",
        "15": "",
        "16": "",
        "17": "",
        "18": "",
        "19": "",
        "20": "",
        "21": "",
        "22": "",
        "23": "",
        "24": "",
        "25": 0.003
    },
    "tree_method": {
        "0": "gpu_hist",
        "1": "gpu_hist",
        "2": "gpu_hist",
        "3": "gpu_hist",
        "4": "gpu_hist",
        "5": "gpu_hist",
        "6": "gpu_hist",
        "7": "gpu_hist",
        "8": "gpu_hist",
        "9": "gpu_hist",
        "10": "gpu_hist",
        "11": "gpu_hist",
        "12": "gpu_hist",
        "13": "gpu_hist",
        "14": "gpu_hist",
        "15": "gpu_hist",
        "16": "gpu_hist",
        "17": "gpu_hist",
        "18": "gpu_hist",
        "19": "gpu_hist",
        "20": "gpu_hist",
        "21": "gpu_hist",
        "22": "gpu_hist",
        "23": "gpu_hist",
        "24": "gpu_hist",
        "25": "auto"
    },
    "scores": {
        "0": 0.786111118,
        "1": 0.7855339715,
        "2": 0.7849778709,
        "3": 0.7838533929,
        "4": 0.7836880719,
        "5": 0.7830860026,
        "6": 0.7830603414,
        "7": 0.7828635439,
        "8": 0.7827632529,
        "9": 0.7825504864,
        "10": 0.7824805642,
        "11": 0.7822982588,
        "12": 0.7821768296,
        "13": 0.7816037907,
        "14": 0.7813760705,
        "15": 0.7813741321,
        "16": 0.7813741321,
        "17": 0.7813741321,
        "18": 0.7802714384,
        "19": 0.7788747023,
        "20": 0.7712201842,
        "21": 0.7712201842,
        "22": 0.7712200919,
        "23": 0.7712117843,
        "24": 0.7649809096,
        "25": 0.7158284727
    },
    "scores_sd": {
        "0": 0.0064123279,
        "1": 0.0066803544,
        "2": 0.0055277113,
        "3": 0.0057694887,
        "4": 0.0064449498,
        "5": 0.0066618444,
        "6": 0.0059313268,
        "7": 0.0069896969,
        "8": 0.0067793642,
        "9": 0.006284118,
        "10": 0.0067318087,
        "11": 0.0053758015,
        "12": 0.0057242673,
        "13": 0.0057936118,
        "14": 0.0059476121,
        "15": 0.0048918567,
        "16": 0.0057830549,
        "17": 0.006649247,
        "18": 0.0054460094,
        "19": 0.0068137877,
        "20": 0.0066350227,
        "21": 0.0065815819,
        "22": 0.005852605,
        "23": 0.0053129179,
        "24": 0.0066785632,
        "25": 0.0057382146
    },
    "training_times": {
        "0": 5.758515358,
        "1": 3.6543619633,
        "2": 1.5901582241,
        "3": 5.1404533386,
        "4": 1.0704166889,
        "5": 2.777682066,
        "6": 2.4288432598,
        "7": 2.1202962399,
        "8": 1.8150517941,
        "9": 2.1754746437,
        "10": 1.596637249,
        "11": 1.2948505878,
        "12": 2.5923051834,
        "13": 1.2657589912,
        "14": 1.0463664532,
        "15": 1.0592927933,
        "16": 1.0799813271,
        "17": 1.0416097641,
        "18": 1.4956560135,
        "19": 6.8656270504,
        "20": 0.8631565571,
        "21": 0.8673353195,
        "22": 0.8517696857,
        "23": 0.8749482632,
        "24": 3.7190537453,
        "25": 5.5893616676
    },
    "rel_time": {
        "0": 0.8387457279,
        "1": 0.5322692212,
        "2": 0.2316115065,
        "3": 0.7487230665,
        "4": 0.1559095303,
        "5": 0.404578059,
        "6": 0.3537685986,
        "7": 0.3088277625,
        "8": 0.2643679566,
        "9": 0.3168646691,
        "10": 0.2325551967,
        "11": 0.1885990279,
        "12": 0.3775773377,
        "13": 0.1843617461,
        "14": 0.1524065385,
        "15": 0.1542893002,
        "16": 0.1573026497,
        "17": 0.1517137119,
        "18": 0.2178469647,
        "19": 1.0,
        "20": 0.1257214455,
        "21": 0.1263300953,
        "22": 0.1240629122,
        "23": 0.1274389443,
        "24": 0.5416917811,
        "25": 0.8141079652
    },
    "optimal_n_estimators": {
        "0": 123,
        "1": 160,
        "2": 106,
        "3": 107,
        "4": 137,
        "5": 55,
        "6": 75,
        "7": 120,
        "8": 88,
        "9": 50,
        "10": 37,
        "11": 43,
        "12": 46,
        "13": 190,
        "14": 59,
        "15": 59,
        "16": 59,
        "17": 59,
        "18": 12,
        "19": 35,
        "20": 8,
        "21": 8,
        "22": 8,
        "23": 8,
        "24": 1,
        "25": 14
    },
    "rel_optimal_n_estimators": {
        "0": 0.6473684211,
        "1": 0.8421052632,
        "2": 0.5578947368,
        "3": 0.5631578947,
        "4": 0.7210526316,
        "5": 0.2894736842,
        "6": 0.3947368421,
        "7": 0.6315789474,
        "8": 0.4631578947,
        "9": 0.2631578947,
        "10": 0.1947368421,
        "11": 0.2263157895,
        "12": 0.2421052632,
        "13": 1.0,
        "14": 0.3105263158,
        "15": 0.3105263158,
        "16": 0.3105263158,
        "17": 0.3105263158,
        "18": 0.0631578947,
        "19": 0.1842105263,
        "20": 0.0421052632,
        "21": 0.0421052632,
        "22": 0.0421052632,
        "23": 0.0421052632,
        "24": 0.0052631579,
        "25": 0.0736842105
    },
    "ngenes_start": {
        "0": 32,
        "1": 32,
        "2": 23,
        "3": 32,
        "4": 23,
        "5": 23,
        "6": 32,
        "7": 32,
        "8": 23,
        "9": 32,
        "10": 23,
        "11": 23,
        "12": 23,
        "13": 23,
        "14": 23,
        "15": 23,
        "16": 23,
        "17": 23,
        "18": 32,
        "19": 23,
        "20": 23,
        "21": 23,
        "22": 23,
        "23": 23,
        "24": 9,
        "25": 25
    },
    "ngenes_max": {
        "0": 16343,
        "1": 39706,
        "2": 100000000,
        "3": 16343,
        "4": 100000000,
        "5": 100000000,
        "6": 52125,
        "7": 100000000,
        "8": 100000000,
        "9": 39706,
        "10": 16343,
        "11": 100000000,
        "12": 26891,
        "13": 100000000,
        "14": 100000000,
        "15": 100000000,
        "16": 100000000,
        "17": 100000000,
        "18": 100000000,
        "19": 100000000,
        "20": 100000000,
        "21": 100000000,
        "22": 100000000,
        "23": 100000000,
        "24": 13581,
        "25": 100000000
    },
    "ngenes": {
        "0": 66,
        "1": 56,
        "2": 47,
        "3": 39,
        "4": 37,
        "5": 33,
        "6": 64,
        "7": 65,
        "8": 74,
        "9": 62,
        "10": 60,
        "11": 80,
        "12": 61,
        "13": 33,
        "14": 23,
        "15": 23,
        "16": 23,
        "17": 23,
        "18": 35,
        "19": 88,
        "20": 20,
        "21": 20,
        "22": 20,
        "23": 20,
        "24": 5,
        "25": 24
    },
    "nfeatures_max": {
        "0": 16343,
        "1": 39706,
        "2": 100000000,
        "3": 16343,
        "4": 100000000,
        "5": 100000000,
        "6": 52125,
        "7": 100000000,
        "8": 100000000,
        "9": 39706,
        "10": 16343,
        "11": 100000000,
        "12": 26891,
        "13": 100000000,
        "14": 100000000,
        "15": 100000000,
        "16": 100000000,
        "17": 100000000,
        "18": 100000000,
        "19": 100000000,
        "20": 100000000,
        "21": 100000000,
        "22": 100000000,
        "23": 100000000,
        "24": 13581,
        "25": 100000000
    },
    "nfeatures": {
        "0": 73,
        "1": 61,
        "2": 46,
        "3": 41,
        "4": 37,
        "5": 33,
        "6": 62,
        "7": 65,
        "8": 74,
        "9": 68,
        "10": 63,
        "11": 85,
        "12": 64,
        "13": 33,
        "14": 23,
        "15": 23,
        "16": 23,
        "17": 23,
        "18": 37,
        "19": 99,
        "20": 20,
        "21": 20,
        "22": 20,
        "23": 20,
        "24": 5,
        "25": 28
    },
    "rel_scores": {
        "0": 1.0,
        "1": 0.9992658207,
        "2": 0.9985584135,
        "3": 0.9971279822,
        "4": 0.9969176799,
        "5": 0.9961517967,
        "6": 0.9961191535,
        "7": 0.9958688103,
        "8": 0.9957412317,
        "9": 0.9954705746,
        "10": 0.9953816276,
        "11": 0.9951497197,
        "12": 0.9949952515,
        "13": 0.9942662974,
        "14": 0.993976618,
        "15": 0.9939741522,
        "16": 0.9939741522,
        "17": 0.9939741522,
        "18": 0.9925714323,
        "19": 0.9907946656,
        "20": 0.9810574695,
        "21": 0.9810574695,
        "22": 0.9810573521,
        "23": 0.9810467841,
        "24": 0.9731205832,
        "25": 0.9105945156
    },
    "complexity": {
        "0": 2734.4842105263,
        "1": 1509.0526315789,
        "2": 209.7684210526,
        "3": 1405.6421052632,
        "4": 213.4315789474,
        "5": 1222.7368421053,
        "6": 202.1052631579,
        "7": 328.4210526316,
        "8": 1915.9571933525,
        "9": 261.0526315789,
        "10": 2839.2631578947,
        "11": 1158.7368421053,
        "12": 472.5894736842,
        "13": 514.419089848,
        "14": 629.8024890234,
        "15": 629.8024890234,
        "16": 629.8024890234,
        "17": 629.8024890234,
        "18": 565.8947368421,
        "19": 3939.1578947368,
        "20": 266.2970661194,
        "21": 266.2970661194,
        "22": 266.2970661194,
        "23": 266.2970661194,
        "24": 6.3947368421,
        "25": 4800.0
    },
    "z-score": {
        "0": 0.0,
        "1": 0.0900057707,
        "2": 0.1767294437,
        "3": 0.3520913466,
        "4": 0.3778730876,
        "5": 0.4717655528,
        "6": 0.4757674088,
        "7": 0.5064579011,
        "8": 0.5220982481,
        "9": 0.555279104,
        "10": 0.5661834417,
        "11": 0.594613893,
        "12": 0.6135507329,
        "13": 0.7029159187,
        "14": 0.7384287913,
        "15": 0.7387310898,
        "16": 0.7387310898,
        "17": 0.7387310898,
        "18": 0.9106957338,
        "19": 1.1285161766,
        "20": 2.3222352542,
        "21": 2.3222352542,
        "22": 2.3222496493,
        "23": 2.3235452142,
        "24": 3.2952476583,
        "25": 10.9605507899
    },
    "isbest": {
        "0": "",
        "1": "",
        "2": "*",
        "3": "",
        "4": "",
        "5": "",
        "6": "",
        "7": "",
        "8": "",
        "9": "",
        "10": "",
        "11": "",
        "12": "",
        "13": "",
        "14": "",
        "15": "",
        "16": "",
        "17": "",
        "18": "",
        "19": "",
        "20": "",
        "21": "",
        "22": "",
        "23": "",
        "24": "",
        "25": ""
    },
    "good": {
        "0": "+",
        "1": "+",
        "2": "+",
        "3": "+",
        "4": "",
        "5": "",
        "6": "",
        "7": "",
        "8": "",
        "9": "",
        "10": "",
        "11": "",
        "12": "",
        "13": "",
        "14": "",
        "15": "",
        "16": "",
        "17": "",
        "18": "",
        "19": "",
        "20": "",
        "21": "",
        "22": "",
        "23": "",
        "24": "",
        "25": ""
    }
}